0.4001572,2.9493032,-0.4904539,-0.61002207
-0.9772779,0.9875235,0.3436379,-1.7465723
0.41059852,2.1281476,1.6827846,0.7271822
0.121675014,1.6429691,1.416401,-0.5392975
-0.20515826,0.18592566,-2.3080766,-1.7169983
0.6536186,2.922213,4.7013125,1.9736501
-1.4543657,0.7712059,-0.34133708,-2.1241224
1.4693588,1.1594311,0.56136686,-1.214359
-1.9807965,1.0569679,2.7582362,0.8670836
1.2023798,1.0254201,1.0226389,-1.2389524
-1.420018,-1.0287992,-10.963502,1.7944136
-0.4380743,-1.7338415,-11.536576,0.7977315
-0.21274029,-1.0443127,-9.801693,1.6210475
-1.1806322,0.30613375,-0.08309172,0.64647937
0.3024719,1.1568345,2.20229,-0.21807064
-0.35955316,-1.243517,-10.007803,-0.14781314
-0.40178093,-2.0954084,-12.083857,0.042187903
0.051945396,1.6295382,3.0060894,0.87270635
-1.2348258,0.8154395,0.9807966,-1.3239986
-0.5788497,-0.7570472,-9.522165,0.8080998
0.9008265,2.302228,3.9182224,0.3784301
1.8958892,1.5654948,0.9793438,-1.4177071
1.0544517,1.2281075,2.5752912,1.4967203
0.97663903,2.0955424,1.732496,0.12076035
1.7858706,0.66577095,1.174054,0.16588385
-1.347759,-0.69510806,-12.126178,-1.2717733
1.9436212,-0.09108124,-3.035958,0.729645
1.4805148,2.8550918,-0.03086353,-1.335212
1.9100649,0.09953358,-1.7638351,1.1249906
-0.15501009,0.64740986,0.050331708,-0.45017037
-1.0994008,0.5138353,-0.097295485,0.23978579
-0.14963454,-0.3829635,-7.970365,1.4315981
0.40746182,1.2102289,1.2953923,-0.36977664
0.031830557,0.17511047,-1.1243924,0.901845
-0.20829876,0.25979054,-0.74752885,-0.9956076
0.4393917,2.1828892,3.2820885,1.6189119
0.94447947,0.86876094,-0.8324108,-1.657316
-0.4615846,-0.55327535,-8.756675,1.9314382
-0.82643855,-0.2734408,-5.6702204,0.38079712
-1.0799315,-0.9603669,-11.734982,-1.2047843
1.929532,1.2907836,2.583471,0.48635006
0.844363,0.9021265,3.6263294,0.42895994
0.3169426,2.744849,0.90979296,-0.9300533
-0.6510256,-1.4190733,-12.582428,-0.47374895
-0.6895498,-0.8002961,-9.73103,0.7305865
-1.3749512,-0.02964491,-2.3744774,-0.65121615
-1.6020577,-0.17721067,-6.071394,-0.5398734
1.5430146,-0.39973328,-7.400254,0.78198665
-1.1680934,0.8393049,1.8605081,-0.039472636
0.82350415,4.088078,0.53882784,-0.11156702
-0.23937918,0.88012433,1.8634943,0.6180161
-1.616956,0.9227542,1.624494,-0.89793503
-0.09815039,1.1572337,1.7139374,-0.1135367
-0.4664191,-1.4297326,-12.049811,-0.8864396
0.37915173,4.199464,1.825527,-0.0031148358
-0.34598178,-0.8787073,-10.04997,1.0702283
0.06326199,1.1068728,3.3540373,1.4877827
-0.23792173,-1.639955,-10.872472,0.3223383
0.41605005,0.8345835,1.8898584,0.8292327
-2.069985,1.9344819,0.60321987,-1.0495975
-0.3972718,-0.5952449,-8.761952,0.44372422
-1.6760038,2.177466,2.0250409,0.74895954
-1.4664243,1.2632657,3.1447985,0.48078376
-0.31932843,0.31249794,-0.74139714,0.17528406
-1.383364,-0.95706624,-10.517734,0.91916627
-0.5068163,-1.0767615,-10.049316,1.0468887
0.1887786,1.9796747,3.9436104,1.780963
0.097400166,1.4969879,3.7195742,-0.9295431
0.39009333,1.3041221,0.5892346,-1.9305822
-0.11610394,-1.8543264,-13.030771,0.45615086
1.0201727,0.9875774,1.3876002,0.7695813
0.60884386,1.027681,1.2141824,0.270584
1.3018463,0.6328715,0.84937716,-0.83055115
-1.0600158,0.022014458,-5.6187468,-1.5773524
0.5829537,1.6773249,1.9991628,0.07346474
1.6581306,0.6041945,2.639191,0.87903404
-0.4607198,-1.8192272,-11.690546,-1.1870439
-0.15957344,-0.116140455,-5.823651,-0.15423347
-0.7306777,-0.6824245,-8.974409,1.0551473
-0.2868872,-0.38540956,-7.7277603,-0.008853739
-0.812993,0.08150813,-1.345428,0.25896576
-0.31229225,-0.52579856,-8.943087,2.0257642
0.9432607,2.5303488,3.3129475,0.11556472
-1.1838807,-2.3201215,-12.697271,-0.4313722
0.45093447,1.3429997,3.0489876,2.303903
-0.4533858,-1.1720088,-11.714225,-1.491052
-0.28035548,-0.67580193,-9.585883,0.4651205
0.34965447,1.125906,2.189377,-1.147703
-0.6894492,-0.9971675,-11.993576,-1.4552218
-0.477974,-0.9647988,-9.53436,1.9290963
0.003770889,1.617291,1.4682035,-0.48023954
0.16092817,1.1632047,2.2943423,-0.15810652
-1.1280113,0.5379039,1.5947537,-0.1922379
-0.24945858,-0.19450043,-6.670156,-0.54196435
-1.5706234,0.6779907,0.43038604,-0.1949976
0.38728046,-0.30313146,-4.987665,1.0820928
-1.6567152,0.014277088,-2.532579,-0.6767209
0.16422775,1.9335873,0.85738194,-1.5802265
-1.6164742,0.65460044,1.9765667,-0.014091997
1.1411018,2.9713666,0.92565286,-0.40016764
-1.1158969,1.0064023,2.3618505,0.694111
0.3554818,2.7151687,3.689725,1.6171526
-0.8076485,-1.6466444,-11.810145,0.51558346
-0.23346666,1.5281205,2.2149496,0.57671565
0.1420618,2.8009737,1.0224708,0.41632593
0.5822246,-0.017777435,-4.41013,-0.7824693
0.09395323,2.0263395,3.5475297,-1.077864
0.26990435,1.2422013,3.282232,-0.10569483
0.27687192,0.75646764,0.6683459,-0.6446413
0.005292646,1.4928117,1.456355,-0.7051847
-1.1594205,0.21743737,-0.78493977,0.44039717
-0.11510747,0.6376255,0.90770805,-1.2088611
-0.1103893,-0.85606277,-10.28592,1.062024
0.27909577,2.0722792,0.9324639,0.46474618
-2.2014413,1.8531904,2.6919014,0.39984462
-0.97882986,-0.3995071,-7.5605474,0.5447918
2.4124537,-1.2056829,-10.52526,0.106541075
0.25148442,-0.35884014,-5.2549,1.8241667
-0.70972794,1.4167655,2.0283606,0.6817842
-0.8824188,1.030628,0.59959906,-0.9707125
1.0294389,0.75791156,1.081702,-0.87923485
-2.6556191,3.609808,0.90702146,-0.5349675
0.22050765,0.5329647,1.0942769,-0.111504465
1.298022,3.9630477,0.88629097,-1.022354
-0.51423395,-1.4963423,-10.933841,0.55865353
-0.03424228,1.6131399,2.0024245,-0.44656476
-0.5812685,-2.0764623,-10.723923,-0.37114096
1.3014281,2.1568606,2.6819508,1.6607938
-1.9686247,0.7304399,2.6500096,1.2755004
1.0479722,1.9247888,1.0351295,0.3113304
-0.9130792,-1.7359368,-11.068641,-0.18741977
-0.8887203,0.8476131,0.93070567,0.39812943
0.8640523,-0.35943544,-5.598467,2.3074343
0.064856105,-0.32232377,-8.016527,-1.3575649
-0.18224478,-0.2602865,-6.195677,0.18751971
-1.2085737,0.13297312,-2.698766,0.47010395
-0.4438361,0.595739,2.600171,-0.770089
-0.63190377,-0.23899168,-7.3358197,-1.0210732
-0.26759475,-0.96285206,-12.332012,-0.28202602
0.020334182,-0.5883709,-6.9631677,1.7952753
-0.044595428,0.66667557,0.32860276,-2.586916
0.1965574,1.8377197,2.635498,0.9251065
0.5270042,2.5247622,2.951581,-0.8058272
0.76790243,2.5690448,2.2783148,-0.19200166
-1.1183119,0.11221861,-1.8253802,1.219164
-0.6598917,-1.5158186,-10.156674,2.098735
-0.47063765,-0.70230424,-9.738241,0.6930692
-3.046143,2.9495797,2.2358973,0.5445922
-1.0840366,0.54488975,0.9808668,0.36296612
-0.21673147,-1.090148,-10.663194,0.34507385
0.41731882,1.0479083,3.3106532,1.4990336
-0.5900577,-0.5480241,-7.168022,0.54084706
-0.37914756,-2.191209,-11.265612,-0.6720429
0.895556,1.7110692,1.5284894,-0.36798656
0.32962298,3.1369152,2.4885361,-0.85872513
-0.38200897,-0.6754697,-10.389535,-0.74055535
-1.2261962,0.5839244,0.7049497,1.0663848
-0.0013850428,-0.024894161,-3.5036342,-0.00072561664
-0.37024245,-0.8947677,-11.341123,-0.24359965
0.25249663,2.4808114,2.4022996,1.4192412
1.3675972,2.194461,2.7313976,-0.3531782
-0.30496365,0.6727955,2.5062377,1.0644553
1.5522432,1.1661779,3.6625543,-0.47164246
0.52004063,2.2943945,1.7193617,-0.089255415
-1.3183959,0.16277143,-1.0797117,-0.3519025
-1.2630683,0.90643805,2.652642,0.8820424
-0.64933795,-0.4099017,-8.111662,0.87399346
0.37687653,1.3908895,4.8327928,0.98154515
-0.9127835,0.16437106,0.041993648,1.9223154
1.017021,3.1069956,2.7116,1.0177175
1.1244192,2.2849278,2.356229,0.9105146
-2.8345544,4.3628535,3.0498261,-0.1118732
2.3807454,0.12017707,-2.3559952,0.44621179
-1.7776669,0.6235213,2.1068537,1.8277024
-0.7946363,-0.019274902,-3.6980417,0.7834779
-1.210543,-0.41081378,-7.2298627,1.7776953
2.1321535,1.0168712,1.7933306,-0.2266156
0.21149701,0.8285784,0.29643664,-0.84182405
-0.2903971,0.997405,2.6397624,0.582427
-0.46433768,0.53659004,1.8790507,0.4817241
-0.51029277,-0.29556146,-6.3619637,0.17999677
-0.8871809,-1.0240797,-10.147973,1.98373
0.58725935,1.5710455,1.8652321,-1.0871167
-1.0518801,2.6432686,3.574473,-0.5226251
-1.2845523,0.38056958,0.058148596,-0.93846226
-1.1401963,2.0302663,3.3528354,1.0017064
0.55578697,2.086848,2.604073,1.0030824
0.30360392,2.5665007,4.5197163,0.9168644
1.6961815,0.6521243,0.5574782,-0.0450506
-0.7075057,-0.28488606,-6.6791105,-1.2868886
0.26568797,2.4206836,2.575448,0.4168481
-1.1029062,0.11903048,-2.6422048,-0.6394815
-0.21416666,-0.65186816,-11.46412,-1.6550757
0.19275385,1.1046903,3.6755123,0.045771897
-0.3175431,-2.0087516,-11.630243,0.023438804
0.5213038,2.6811366,1.3757651,-1.9253339
0.14844958,1.8350259,1.6351315,-0.2448111
-0.041400813,-0.27236837,-5.372109,1.2017787
1.3124703,0.38568866,1.3650856,0.4154581
-1.0770991,-0.2417066,-5.96778,-0.42911696
0.78580385,1.9051732,1.1459968,-1.4405028
0.4052041,2.4752903,1.3350972,-0.85812587
-0.112465985,-0.34202728,-6.139475,1.800533
-0.65795106,0.090417676,-3.9533415,-0.15340032
1.6819217,-0.16491891,-4.7438617,0.61086756
0.0114989,-0.117665626,-4.4803786,-0.24782203
0.3269626,2.1754549,1.848115,1.5717325
-0.50984323,-0.1547461,-6.8775716,-0.79880434
-0.069641575,0.41596252,-0.06633231,0.35073552
-0.32566947,0.08206255,-1.7480257,0.899218
-0.36980116,0.531985,-0.24981564,0.71511936
-0.1931767,0.6643009,1.224052,-0.60086954
0.032808747,-1.7674721,-10.487502,0.17131315
-1.3533889,-0.44925848,-7.891308,0.12262676
-0.40607178,-1.0030023,-9.537709,1.489533
0.17250441,1.4181398,1.1323559,-0.9952352
-1.0167387,-0.020006616,-3.8858063,-0.06995796
0.8656529,2.9597044,3.5809639,0.95812106
-0.87819034,0.595501,1.8170329,-0.24569266
-0.8589199,-0.079692915,-3.293628,-0.5823747
-0.9646064,0.079009324,-3.509602,-1.2863351
-0.88778013,0.845949,2.676825,0.4565381
-0.80149686,-0.8554191,-11.080427,-0.03804115
-0.17531641,-1.457016,-13.2466955,0.034187563
-1.5415874,3.439942,2.910543,0.5945579
-0.6834398,0.016133318,-1.8857344,1.3983734
1.8227236,-0.034323502,-2.4363334,0.2497287
1.3290628,0.40170312,0.005824952,-1.4757118
-2.0473237,0.25568753,-2.0872853,-0.50529534
-0.26393735,0.0758953,-2.326104,-0.016824404
1.2760754,2.625466,3.2210546,1.258205
2.339625,-0.44095612,-8.250584,-0.15383229
1.471322,2.5942695,1.9328516,-0.44076464
-1.3780835,0.30642983,-0.26476026,-0.64396024
1.6815767,-0.10411823,-3.4417834,0.6741495
1.2978252,1.7482405,0.7172865,0.8743102
0.25871643,1.9538116,1.68315,0.69310534
-0.1162297,-0.771616,-10.902125,-0.34983122
-0.4103818,0.058858633,-3.998773,-1.1536653
-0.8047537,2.1427064,2.0032501,-1.3349754
0.9380925,2.0865571,2.1960657,0.69095623
-0.074804984,0.35495737,-0.2626411,1.1308781
0.7966721,1.294222,1.1309966,-0.1987053
1.3891454,3.1410658,1.9625407,-0.33679333
-0.86404496,-0.2671381,-6.0255847,0.19899426
-0.14456682,-0.29135397,-7.619323,0.14082503
0.43310794,1.6039054,2.7719386,1.1599106
-0.30309826,0.08804832,-3.6356082,-1.16857
0.2407875,1.9151336,2.7839038,0.89945334
0.0941923,-0.06329946,-3.739198,0.022337094
0.8924739,1.4243885,1.6698895,-0.45462084
0.20147994,2.0406313,2.8218365,-0.99819434
0.2390336,0.6203938,0.5347958,0.77451414
1.5634048,0.07203315,-2.2344275,-0.5411119
-1.6786884,1.2436159,1.9084072,-0.1593941
0.70104134,1.6139139,1.8094602,-1.3926512
-0.79211503,-1.2660594,-12.456709,-2.0140219
-0.5189002,-1.2304682,-12.417279,-0.9453724
-0.67809546,0.39685112,-0.04731045,0.6508731
0.7669197,2.382669,2.0745072,-1.6612307
0.3019892,2.3981793,0.19554275,-1.0158014
0.41839802,2.4290965,1.1501315,-1.5511872
-0.85416126,-0.8571485,-10.275803,-0.41951963
1.0490932,4.8098907,1.7222669,0.22305347
1.2649833,1.0166413,3.490625,0.9252616
-1.2406245,0.64396137,1.1442459,-0.22738291
0.38141626,2.0111327,2.1413143,-0.081401095
0.41540062,0.9585044,2.2923343,-0.87955344
-1.4327354,0.7828097,1.2896897,0.46491185
-1.0481704,-0.71961665,-10.81151,-0.4031279
-0.3166553,0.22194093,-0.2254278,-0.06950183
-0.8000825,-1.2532289,-10.641138,-0.012766606
0.05182039,0.020733543,-3.573358,-0.71042436
-0.7333128,1.855188,3.761901,1.4353496
-0.065488376,0.73009944,0.5793845,-0.3691086
-0.030936258,2.110174,3.5673547,0.64704216
-0.30769128,-0.091654405,-4.143971,0.7386704
0.49949825,1.9982028,0.54845375,-0.5913025
-1.4956795,3.3090131,0.5879881,0.13836539
0.3779101,3.2625809,2.2306504,0.07626318
1.1045785,0.5439171,0.55033654,-0.9199346
0.46081448,2.959137,1.3008777,-0.8869672
-1.9986395,0.27984402,-0.3103622,0.28059503
0.53117836,1.9438893,1.6191642,-0.86052924
0.07821118,2.4201734,1.9208536,-0.13156113
-1.2725581,1.9863981,4.082945,0.82211035
-0.26837274,-0.45624465,-9.083797,-0.74645054
-0.19284183,-0.123736344,-5.255224,-1.7667638
0.5310425,2.3112411,1.4025683,0.42371503
0.29897746,3.431396,2.591912,-0.72570425
1.4261588,2.0064785,2.3517005,0.70606637
0.3270662,3.4772334,1.0409263,-0.5845117
0.15895867,1.5392526,2.5256696,-0.72049576
-0.13043973,1.9438586,1.5821146,-0.7265
0.24660219,1.0177581,1.1787266,0.053961433
-0.01477722,0.30226657,-1.9432192,-1.8691561
-0.17781314,0.20780511,0.10308207,2.1629214
-0.41649908,-0.74994165,-11.606373,-0.3737116
-0.51002955,0.91295594,1.5687097,0.6086501
-0.5937774,-2.4466429,-12.01359,0.24029617
-1.962732,2.9683292,2.5941842,1.0892335
-1.2144014,1.2544237,3.565605,0.64201975
0.6164593,2.607687,0.80257183,-0.98985124
0.8805112,1.4069083,2.0017636,-0.13479155
0.5629897,0.88203484,1.3616172,-0.8949125
-0.4080147,1.3058436,2.1234305,-0.3989683
0.76943016,2.308326,2.4080703,0.082612015
0.30151406,2.8280008,2.572259,0.88970757
1.7367749,-0.8380171,-9.184735,0.009955221
0.22584048,1.030411,1.6175543,-1.3435297
0.11709087,1.7144897,0.022568628,-1.9497645
0.54009444,2.8066094,1.8773859,-0.5549276
-1.7410228,0.32916152,-0.050875198,0.38068843
0.59903955,1.7341459,1.8604968,-1.4913313
1.151734,0.8997105,4.541198,2.3036537
-1.40556,0.30738425,-1.3479376,0.76416236
0.35924914,0.32482138,-1.6581038,0.5237923
1.9223248,-1.7640249,-10.997152,1.8932948
-0.8244091,0.24485862,-2.5203738,-1.2172453
-1.4491177,-0.59957606,-8.995621,0.96827495
-0.564301,0.5118636,0.6664138,0.29819274
-1.2012016,0.8875335,2.7426403,0.4453434
1.576299,1.3456204,2.4804363,-0.46535942
-0.95264494,1.6103942,2.344821,-0.3895132
0.30773258,1.9626021,2.908913,-1.040761
-0.4523503,-0.16459076,-3.968969,1.2414942
-1.3484243,0.1747661,-0.37374806,0.6569751
-0.32631847,0.21340883,-1.2928712,-0.72084886
-0.3480464,-1.1999325,-11.359176,0.5029812
-0.5216415,-0.5489149,-7.8656764,0.1662614
-0.71130633,-0.70844615,-9.752765,0.2662603
-0.22007579,1.139488,2.8234477,0.70856446
0.34649444,2.6583169,1.4426608,-1.3683746
0.13391292,0.6359961,1.5345486,-0.45328906
1.4961396,-0.008564217,-2.655637,1.9282129
-0.8624933,0.49681196,1.4407758,0.14538027
-0.33281177,0.0821089,-2.4643116,-0.93382406
0.48797268,1.1344254,0.18802562,0.4046418
2.290467,1.4917419,1.8259466,-0.56840205
-0.4034592,-2.2962465,-11.061619,0.06749338
1.5259576,0.14601558,-2.3217416,0.16266268
-0.58632004,-0.8978961,-9.789388,1.2893387
0.9623417,2.5290473,1.6429019,-0.30545765
1.5885307,0.31414118,-0.9882284,-0.013369922
0.41133425,1.5017697,3.857282,1.6282126
0.16464381,2.2530463,0.62844837,-0.29314026
1.171041,1.1334587,1.7416531,-0.3537141
1.0429776,2.0616846,2.9233992,0.24905217
1.0415684,1.6103197,2.5191565,-0.55307
-1.9805655,2.1733785,2.2834675,-0.30247027
0.8756957,0.5014956,0.3388726,1.2715683
-0.52325094,0.5460203,1.0762565,0.74126047
-0.21120599,-0.26491687,-8.092915,-2.851005
-0.7214313,-0.75727516,-9.222596,-0.46190017
-1.4166034,-2.1295211,-12.7015505,-2.0126734
-1.149554,1.3872602,2.8097696,0.48325577
0.61039174,2.3585978,1.7409534,0.40397018
-0.5475181,0.20159362,0.9091794,-0.10709285
0.50099224,1.5807333,3.0709264,1.6457793
-1.1980929,0.7664055,0.35697147,-0.20402063
-0.97746485,0.9170957,1.4610848,0.14447652
0.71593887,-0.97344816,-11.814331,-0.104046665
0.43663847,2.2061975,0.2830914,-1.3233202
0.65178126,2.0600667,2.262097,-0.6387659
-0.9981917,-1.3052671,-10.056645,0.43804953
0.7540957,1.366196,0.78550446,-1.7551818
-0.65554506,-0.31285295,-7.5081677,0.23787445
0.33601573,2.7503622,2.2675982,-0.086529784
-0.30937758,-0.39196843,-7.990214,-0.397909
0.17371185,1.9680624,2.6528456,0.5397256
-0.7379318,-1.492551,-12.189036,-0.26689
0.049857266,2.2392328,1.194313,-0.22309883
-0.20080851,-1.1132271,-13.289457,-2.7349799
0.4760314,-0.111494094,-4.737673,1.0839753
-0.24679355,-1.316994,-11.171308,0.16551454
-0.12194493,0.49301812,0.972843,-0.26908913
0.5483281,2.1742702,2.9383981,0.892119
-1.0225644,-0.7519794,-11.761967,-0.40463346
-1.3094121,1.3384734,3.4217348,1.4382933
-0.09165941,0.3045244,-0.42200145,-0.13487086
-0.39814812,-0.62430674,-11.640405,-0.43704933
2.2320163,-0.14527686,-5.712751,0.5716594
0.15364446,-0.25840342,-5.3360267,1.8579103
0.28376955,1.4632018,3.820907,0.5862569
-0.51104045,1.2613597,3.7461004,1.3292035
-0.057042867,1.2946348,2.1464977,-1.6222078
0.94940555,1.6119297,2.645105,0.3251078
1.1493794,1.7899686,2.617919,0.40655982
0.58822495,2.2888927,0.9483431,0.09609206
0.27808106,1.0877814,2.0425594,0.11972539
-0.6432576,-1.5259283,-13.4393215,-0.9940274
0.0960042,1.0469038,2.117757,0.16837981
-0.8391242,-1.1695726,-12.081521,-0.7283056
-1.3730536,2.4779696,3.2850947,1.7759628
1.238007,0.31801558,-0.12518196,-0.12860459
0.8906717,2.3617902,2.7374482,-1.6694179
0.4770681,1.6913195,2.0122125,1.9790988
0.55808187,0.9597519,1.1075984,-0.8491754
1.1277837,2.4056857,1.5150627,0.23349887
1.4121517,-0.2886605,-5.7362857,0.59765345
-0.14989159,-0.95475554,-10.92835,-0.7459661
0.5319746,3.3329058,3.425112,1.3494369
-1.472323,1.6635804,1.6436698,1.324748
-1.0634329,-0.51663095,-7.0693965,1.3713392
1.6142496,1.795509,1.8149668,0.025536554
-1.1196282,-0.55157673,-9.205699,1.3266484
-0.44683626,-0.66683567,-10.172897,0.41522798
1.4148741,1.244081,3.4285843,1.0870306
0.21839707,1.211891,1.8481843,-0.5087259
0.6563907,1.5245173,3.4337692,0.36477813
1.3291413,1.1707312,2.2286968,-0.41448596
1.9367125,-1.1201493,-11.740647,-0.19675083
1.1615338,2.4651911,2.0690804,-0.26598635
0.8065638,1.1071143,3.9977512,1.1029112
-0.9108504,1.3449624,1.0135553,-0.8868814
0.30726478,0.16385557,-1.0547242,-1.0619577
0.56800735,2.1598022,2.3845422,-0.55229145
-0.082034156,-0.6444709,-10.209843,0.42522874
0.58874243,2.4605744,3.2896466,1.9974183
0.10140715,3.2860518,2.6146922,1.1934198
0.53916126,2.1601727,1.1740447,0.86507666
-0.08561496,0.55027205,0.25528458,-1.0555941
-1.4061048,-0.94680595,-12.605106,-0.45246965
0.4683049,2.1538467,-0.0032387136,-1.6508487
0.17124355,1.4313368,2.5264618,0.8555464
-0.5070348,0.36460608,1.7332186,1.107325
2.042072,0.23192944,0.21383196,0.6413922
0.72934633,2.7103736,3.7781708,1.3926027
-0.024549423,-0.27640158,-5.260647,0.5809564
-1.0513904,0.3920013,0.030501796,0.3580611
-1.3682451,2.1657536,3.3850799,0.34544834
0.21301717,2.1378868,2.9286466,0.48206574
-0.40098616,-1.4358938,-12.561762,0.20745109
1.6959696,0.8090956,-1.3434488,-1.4395945
-0.47728628,-0.018800858,-3.8109415,-0.3612567
-0.898322,0.7264407,3.2083654,0.079289645
-1.6295836,-1.1572895,-11.004514,-1.3456784
-0.19623396,-0.014128258,-5.864839,-1.1508031
-1.3915052,1.5063739,1.3110868,-0.76030576
0.024290914,2.0570686,2.9262574,-0.07895968
-0.009657237,-1.1716483,-11.292609,-0.71065664
1.2973421,2.2691972,1.770424,0.08661468
1.801214,0.73253864,2.7054424,0.2947022
0.8962484,1.8497559,2.0258296,0.55140704
0.4005307,1.1133646,1.021429,-0.9340989
1.8593464,-1.1897137,-11.28633,-0.09944775
0.33510563,-0.5755098,-9.301688,1.011895
-1.8447012,0.8791692,1.5376315,0.25323442
0.0032222164,-0.3744839,-6.031253,1.1895937
0.18345025,0.9660916,1.7905318,0.0949224
-0.27891427,1.1233269,0.7071701,-0.09830973
-0.63784057,-2.061617,-11.277771,0.3305706
0.77905124,0.45932758,1.0151887,0.2060585
-0.7303571,-1.0602895,-11.354495,-1.5028427
-0.7474732,-1.5775188,-13.607508,-2.70878
-0.26938978,0.536727,1.7427698,0.5666463
-1.4513385,0.7430915,2.3693364,0.8489732
0.092447735,0.97786736,1.0279118,-1.8358926
-0.43847445,-0.85131776,-9.92397,-0.14307378
-0.14244542,-0.12247191,-4.544905,-1.2320274
0.48701534,1.2143869,1.2617322,-0.012361262
-0.021869909,0.30009228,1.4030852,0.6536009
1.7025702,0.72537607,1.5469784,-0.37265983
0.10572,1.1607842,1.889815,-0.58786815
0.45636335,1.5030196,0.99903315,-1.3266977
-0.60829115,-1.0640807,-9.959034,0.17193873
-0.29104146,0.22255564,-1.4190687,-0.9917303
-0.7110406,0.39907014,0.4066287,-0.054032777
-1.6417032,1.255626,3.1249263,0.3487192
-0.4917301,0.4705389,0.3989478,0.2515345
-0.6161211,0.04946363,-3.886039,0.34551248
0.17233914,-0.2527478,-6.2528663,1.3588574
0.7825789,0.24246234,-1.2711211,1.1420869
0.54565734,2.2260108,2.643694,0.20971067
-1.6480463,1.287062,0.25779277,-1.1198018
-0.11817078,0.02570925,-2.4445477,-0.5085818
0.51271755,2.1347013,2.3078346,-0.15306611
-0.27929667,0.94874,3.2632399,-0.46942297
-0.3277549,1.0644721,1.9739069,-0.011855427
-2.12389,2.028503,0.7769067,-1.2140867
-1.6413486,0.8244542,0.44387478,-1.2224842
1.2165778,1.0525354,1.5822132,1.3336366
0.9508337,2.3326216,1.7101785,-1.4125648
0.57275134,2.7547638,1.9336157,0.9580738
-0.8601534,0.73016095,2.3009794,0.067506924
1.1997361,1.8729017,1.6171104,-0.9418279
0.5934659,2.0858643,1.233423,0.9218448
-1.0026686,-0.9026109,-9.618642,0.63432086
-0.6296504,-1.0582492,-9.183763,1.994996
-1.2402164,1.3209612,1.0230501,0.41010416
1.5743712,1.0451583,1.3368016,1.0548384
-1.5639046,0.89443743,0.37336433,-0.5455513
-0.03688353,1.7749895,2.5320723,-0.3370993
0.32362577,1.5046105,2.2247925,-0.024541292
0.43283764,1.2008477,1.914575,-1.1789957
0.0012484558,0.5142286,1.8946104,0.34721968
-1.5200393,1.2339523,2.7035894,0.5208019
0.028620504,2.1392372,3.6791942,0.8109106
-0.32345748,-0.18734159,-6.8361945,-1.1408154
0.15843384,0.20249128,-1.8760926,-1.8329818
-1.7119702,1.1181324,3.8746526,0.9614203
-0.70385903,-1.099588,-10.896638,-0.13700667
0.92914516,2.1724324,2.017118,-1.0648572
0.68889666,2.313718,1.8819728,-0.8424596
0.42281857,-1.118202,-12.126558,-0.35679466
0.6635616,1.8989985,3.447109,2.2427242
-0.88661426,-0.23943955,-6.6099124,0.55057937
-0.11433516,0.9267548,1.7686384,0.06813227
1.36606,2.7175238,1.8613178,0.27284348
1.496911,2.14579,2.1657615,0.5708812
0.14067191,0.5318239,2.0594897,1.0249535
0.10015941,0.63444495,0.49400243,0.33919448
0.73018354,0.15311237,-0.28625184,1.6931692
0.87830377,1.9500461,2.9322171,0.90613705
-0.65457016,-0.17412038,-4.786259,1.1708481
0.22285832,2.546471,0.20048016,-3.3148758
-0.35549477,-1.6234498,-11.07046,1.8450382
1.3821819,2.6244633,2.4926472,0.38780162
-0.056099474,0.96038795,1.2643831,-0.24073827
0.50496995,3.7865305,1.6843541,0.42225894
0.124769524,0.19905421,-1.062434,-0.74124455
-1.3693911,-0.16022938,-6.126711,0.26796833
-1.665956,2.6385992,0.509042,-1.8147757
-0.11341163,1.2673293,2.878261,-0.68770486
-0.9448702,0.56148314,-0.07010657,0.26242206
0.37415507,2.3418355,2.5424898,-0.34837678
1.7064682,1.3538955,0.80406445,-1.3283118
-0.62649024,1.3030375,1.9770882,1.0325576
-1.5799305,-1.9345611,-11.171269,-0.4152626
1.400689,0.4576625,0.45622268,0.33772245
0.12853631,1.084552,1.449294,-1.743524
0.41609964,1.7899177,3.2783873,1.1355127
0.66414404,1.2680937,2.3528,-0.10382382
-0.79978615,-0.4920645,-10.195057,-1.9633821
1.0223923,1.1783212,1.9052739,-0.58841115
0.5298338,1.3323784,2.6041636,0.08706721
-1.381745,0.51114017,2.5513256,2.5262759
-1.0987685,-1.1855845,-11.641116,-0.18934049
1.0659268,1.6787522,4.436921,0.7862534
-0.7243113,-1.078306,-9.625557,0.21937895
-0.6844016,-1.0616578,-10.821136,1.2790527
-0.9932572,-0.27401507,-6.3470182,-0.4779606
0.87550914,2.119148,1.498374,1.2668588
-0.9135945,0.75575405,0.77672106,0.13273986
-1.0942409,0.060407534,-4.0914035,-0.49095267
-0.49941677,-1.9091552,-9.773909,1.1092823
1.2505698,1.1049125,3.3549337,0.534515
0.14166717,1.268288,2.5096488,1.5181428
-1.4317977,0.06498622,-3.479038,0.016775874
1.7345722,-0.4865764,-8.393449,0.8086447
-0.50959516,0.6188954,2.0460727,0.7195586
0.4732906,2.798557,1.7620862,-1.1193937
0.42425263,1.1511992,1.5889136,0.91011375
-0.3000036,-1.3542161,-9.8330145,-0.23542678
-0.20433894,-0.57267,-10.852923,-1.7036617
-0.9651066,0.69940466,0.35775512,-1.4625307
0.5670582,3.0654118,2.8097744,0.31278017
-1.1690958,1.4209945,3.157809,0.44095805
1.4099522,-0.2747231,-5.320361,2.0039449
0.28791544,1.1714903,1.7886713,-0.005604492
0.5880377,3.6333354,3.0343032,1.8863611
-0.984209,-0.14031778,-3.4250755,2.0297034
-0.4932144,0.11189357,-2.471286,0.6037321
0.7289299,-0.5674949,-8.670806,-0.199872
-0.48856622,-0.1513193,-5.3195815,0.73125017
-0.62222546,-1.9343314,-12.399929,-0.21300873
0.6530373,1.8695885,4.4141464,1.1412622
-0.0028761027,0.61915094,0.9947435,-0.29522872
0.924434,2.3038442,1.3804662,0.06393766
1.6184593,1.3517979,2.472491,-0.19741875
0.20579681,0.20795661,0.27049392,0.5598117
-0.60788745,-1.3570008,-11.669539,-0.23018356
-0.20583403,-0.5066515,-9.296356,0.30736217
-0.22342612,2.2860725,1.8095171,-0.22359742
-0.560981,-1.8198397,-12.351739,-1.3639895
-0.4966082,0.85359645,2.06816,0.18881609
-0.046481155,0.0298695,-3.3907015,-0.39868873
-0.76794857,0.5153818,-0.26829374,-1.9899257
0.0035832059,1.0109786,1.7500207,1.0604875
-0.8436156,0.49837026,0.9557163,-0.11376926
-0.11622244,-1.7675562,-12.101939,0.006918849
0.92660475,3.604946,1.9219201,-1.0462132
0.409295,1.563388,1.6018671,-0.29158595
-1.2186838,0.6359046,1.2205541,-0.8500063
-1.7747449,0.67915523,2.071772,0.4977951
0.00089992664,-0.86967707,-11.544507,-0.118762456
0.4883706,3.0202427,1.5449718,0.7271985
-0.07223876,0.66459507,0.060961775,-2.2351859
-1.1848874,-1.4647338,-12.86008,-0.59311736
0.77760726,2.3784032,3.3677106,-0.24148715
-1.0966017,0.22799183,2.0145323,1.9144604
-1.4589407,0.9016872,2.39698,0.62701404
1.3970653,2.6125844,2.331134,0.679738
-1.1046902,0.630469,3.1464736,1.3454038
0.8989674,2.349708,2.057209,1.0115023
1.3752254,0.5942179,0.8647443,1.040253
-0.86050975,-1.7596703,-11.627085,-0.22672799
0.8576619,1.7768697,2.6691167,0.041965246
-0.22482656,-0.75824124,-11.505908,-0.71856916
0.65880215,1.4584638,2.7613952,0.3435345
-0.37412632,-0.45795932,-8.961429,0.21873868
0.48096985,1.4143841,1.4719623,0.0024844687
1.0044192,0.97506875,1.4167805,-0.6777377
-0.60881513,-0.6490485,-11.185375,0.26986632
1.2399405,2.2942524,0.88916487,-2.2008862
-0.35911658,-1.4884835,-11.795346,-0.68324745
-0.5473556,-1.015257,-11.479367,0.24137509
0.23345809,1.7155693,2.4146926,-0.42439288
0.3105647,1.3027579,4.288611,0.35630718
-1.0922179,0.9037342,1.9778836,0.58077186
-0.6650416,0.36077195,-0.57414323,-0.30771923
-0.45333743,0.4085438,0.8733974,0.16224696
1.033957,3.5696697,0.93474877,0.45246744
-1.5059114,0.10767311,-2.674962,-1.0496765
-0.69931793,0.052240178,-4.2360396,-1.4436225
0.38182402,2.3425589,3.5824566,0.2937699
-2.08651,0.9362144,0.37210947,-0.676492
0.35026592,0.5948181,2.2489712,1.0332011
-0.8425717,-1.6960189,-9.387203,1.9068567
-0.67366415,0.43608552,1.208676,-0.01316968
1.6292758,0.9037909,1.655438,-0.94494754
-0.7097851,0.3826011,1.2033609,1.1921027
0.7703309,2.117792,1.1759542,-0.6364746
1.4156562,0.7836623,-0.45572424,-1.2378165
1.1363881,2.1834118,2.1147656,-0.9520833
0.572627,3.9798265,3.6362143,1.1191874
-1.0357478,1.3003277,3.351984,-0.83617026
0.3750199,1.8513201,4.494181,1.8278025
0.5369879,1.6597276,2.9970872,-0.20749138
0.88833886,1.326931,3.6259358,0.2302989
0.50499475,3.3918061,1.7876058,0.0030941565
0.47400787,2.7723649,2.722795,0.5766841
0.2601329,1.6123326,2.1756558,0.14922376
-1.1504377,-0.54586357,-8.503123,1.1996952
1.040239,1.4647766,2.4905634,-0.7316966
-0.018767055,1.8684958,0.9564786,-0.7691457
-0.21977298,0.7323695,-0.82578456,-1.5806891
-0.17248231,-1.4875584,-10.380539,-0.17598552
0.7930071,2.593749,1.8859569,0.034410577
-0.5896978,-0.7103322,-11.178247,-0.4549228
-0.21018882,1.1791744,2.2916372,-0.9532716
-0.28339776,0.49945763,1.2223952,0.46778277
0.5140042,3.154148,2.8415036,1.4576328
-1.8743135,0.37690866,-0.6548611,-0.34689257
0.5225576,0.8032761,1.7605753,0.02257045
-1.9536786,1.6685216,3.1312423,1.618125
-0.03299648,-1.0397561,-11.736687,0.21780328
1.9595621,1.2436734,3.06683,-0.83492494
-1.3965353,-0.11503553,-5.2855973,-0.7888157
0.39756522,0.9441886,2.4932413,-0.41724434
-0.013250268,0.7839038,2.0622423,-1.4972669
-0.8907292,-1.0069326,-11.255821,0.56151325
-1.0928966,-0.12493332,-4.0491524,1.1823585
1.2341441,2.814348,3.2833164,0.411043
-0.7786755,-1.9233104,-11.610812,0.35270318
2.0118642,-0.66462964,-11.100383,-0.07732368
0.19785331,2.0895963,0.6399503,-0.82705283
0.47780856,1.9876251,0.8404566,-2.1542196
1.0241649,1.9186682,2.3098028,-0.61492133
-0.12915348,0.3914862,0.84445906,-0.80499196
0.59542316,2.5202572,1.6681253,-0.49727833
-0.019322792,1.6432928,4.2470503,1.249949
-1.540558,1.1581413,3.7322228,1.9527146
-0.055258997,-1.0747716,-11.5792675,-1.1545475
0.14049591,1.9246304,1.3174958,-0.54720914
-0.17400683,1.8262812,2.252473,0.36530262
0.45542,2.2538009,3.263746,-0.825245
1.8209393,-0.2905398,-8.041595,0.0492048
0.2934714,2.8399642,2.6431234,-0.08288841
-1.2142173,-0.4919602,-9.604203,-1.3769517
-0.3408744,-1.9288076,-12.201408,-0.690161
0.7312936,1.6665056,2.9228618,0.7365648
0.43393898,1.8271188,2.471907,0.50671107
0.09725088,1.5112222,4.6534505,2.2467895
0.73860705,3.308212,1.345671,-0.5566501
-2.2854993,0.14101952,-0.025539141,1.7056347
0.27623984,1.1006672,2.5267975,-0.17967544
0.65592444,1.8000765,1.7668899,-0.51625204
0.50434357,0.9185698,1.8229501,-0.6776804
-0.5069066,0.33191004,0.69264704,1.3455923
0.51226676,2.1517673,3.4248033,0.77271134
-0.17482337,0.64645505,3.511177,0.32216725
2.2542837,0.60613585,1.4165148,0.46978772
-0.6783298,-0.44017923,-8.352152,1.3624777
-0.8721584,1.0644959,1.7428399,-0.54658735
-0.566603,-1.4567534,-13.141416,-1.4512212
1.0374448,1.8146048,1.7962434,-1.314935
-2.018282,0.53563446,1.444017,0.37690395
-0.33945432,-0.46401381,-8.696703,-0.5228517
-0.89911294,0.76305324,0.070942074,0.17943797
-0.5270916,-1.0099986,-11.972445,0.10223668
-0.95380443,-1.1609074,-9.69631,0.45614278
0.78990495,3.061005,3.293921,0.63616014
0.7591567,2.087439,2.4589624,-0.6030831
1.0104276,2.1893294,3.2877784,1.574814
0.23497719,2.237368,3.0692573,1.1337059
1.0122606,0.16298257,-1.2853366,1.0755047
1.5723304,0.5067235,0.25206608,-1.4087212
-0.6992153,-0.2900459,-7.3928237,-0.85285264
0.32099947,0.44077882,1.0262314,1.0700434
-1.7317313,1.0474133,2.7007153,1.0583727
0.8183537,-0.42340904,-8.24839,-0.9575709
1.5190033,1.7130184,1.3243362,0.7333193
0.27441698,0.6211338,1.8716763,0.2960132
-0.6339887,-0.79446095,-9.764726,0.6628545
0.54345345,2.214807,2.3427947,-0.1700481
-0.3071317,-0.8087919,-10.220472,0.6843947
1.2740445,0.50585824,-0.198431,-0.5741362
0.37317473,3.0133824,3.3805373,1.1897825
-1.1385679,-0.6157457,-10.494469,-1.0244662
-0.41742945,-0.927102,-11.318881,-1.3523651
1.2466952,2.0460448,1.7471036,0.121286355
-0.5633094,0.22173971,-0.8187132,0.17233133
0.8982406,1.6419307,2.768338,-0.20918165
0.08071989,-0.010539279,-3.7658162,-1.303557
2.3374097,-0.5548476,-9.143398,-0.23252799
-0.0572812,-1.0315794,-11.746701,-2.0571873
0.66635454,2.8777928,1.0112053,-1.129027
-0.21716312,-0.025153968,-2.5889347,0.28830552
-1.2595961,0.116176546,-2.4314897,-0.5942114
-2.2055054,2.1061363,3.178314,0.29219696
-0.34198228,-0.95157975,-12.124432,-1.153044
-0.56340766,0.5592909,-0.5712406,-0.31975114
1.6264315,2.0615659,0.67999303,-0.23042585
0.20806953,1.0928773,1.6009023,-2.4303868
-0.4482828,-0.8650872,-9.40301,1.1236423
-1.5957776,0.7885326,2.6384625,0.8179356
-0.74215215,-1.2238443,-10.44482,0.5537436
1.2598753,1.5662316,3.434829,0.34647152
-1.1802856,1.3459791,1.8423741,0.8560957
-1.1446927,0.19058552,-2.2451143,-1.3017865
-1.0079098,-0.59398127,-9.783166,-0.68596727
0.6941287,1.707109,1.821932,0.15165693
-0.21321523,-1.3958408,-11.727172,-1.250589
-0.47622442,-2.1978605,-12.530694,-0.26512972
-1.4059671,1.8371589,1.7670457,0.24832685
-1.2743194,-0.9321532,-10.835179,-0.25878406
0.40508026,0.56625384,2.5016992,1.6142266
0.71178526,1.0861553,2.1923516,0.3786707
0.7955496,1.838286,3.2873971,1.4714435
0.49908426,2.366255,3.219008,1.3469299
-0.19346388,1.1489842,1.8854533,-0.34932613
-0.05872619,-0.5398121,-8.232835,0.46277723
-0.37955412,-0.24979614,-7.046523,1.0081658
1.0723007,1.101973,1.807282,-0.7698138
0.8528891,-0.25527132,-5.630092,-0.11031684
-0.22409236,1.7876931,1.9624447,0.10317364
-1.577607,0.55375904,2.1478875,0.027469903
0.16110632,1.6745641,0.92152077,0.48684382
-0.19240421,-1.3015949,-10.571049,0.78144574
0.5687224,1.9627154,0.69768775,-1.3239846
-0.3937337,-0.37473685,-6.6620913,1.1329745
0.3276232,2.1259918,3.7662735,1.2128974
-1.4834915,-0.71396506,-10.159039,0.05498852
-0.01155552,1.4565582,2.8997028,0.5250012
-0.15065365,-0.43245268,-5.6168766,2.4268658
-1.5785302,1.1395202,0.5978547,-0.1247322
0.4723279,3.0103211,2.5325124,0.6549612
-0.709521,0.42145535,0.7279188,0.87476987
-1.1764731,-0.9525546,-10.910889,1.4324673
2.3602285,0.36792603,-0.073275134,0.2528446
0.99914986,0.7426026,0.33862674,0.6665108
-0.7034001,-0.026762782,-4.0141206,0.56669503
0.5668694,1.3607224,3.325939,0.68584925
0.76354146,0.8739673,2.163982,0.5244815
-0.84721017,-1.3602773,-10.638291,-0.2156234
0.8961672,1.6005838,3.644626,1.5393989
-1.2201172,-0.54978275,-10.340951,-0.94911784
-0.5787085,-1.3704841,-9.982063,1.7851562
2.0081494,1.1754961,2.8709705,0.011027927
-0.34758452,2.8895538,3.094542,-0.3101607
-2.0844321,1.5176835,1.2176338,0.6498628
1.1045544,1.492663,2.7816162,0.18327814
-0.5869026,-1.065894,-10.316957,-0.35372272
-0.3930764,-0.16576003,-6.318691,-1.7382319
-0.2735558,-0.38838714,-8.048646,-1.8028743
1.8115057,-0.36618054,-7.779907,-0.5561885
0.12916218,1.2935518,2.8914244,1.331871
-0.81251603,0.031304628,-3.2954202,-0.63944596
-0.12685588,3.937028,1.8220015,1.9915754
1.7388572,0.5601996,0.90574795,-0.14900243
-0.96010554,-0.77087885,-8.628729,1.8012533
-0.57894236,-1.0342445,-11.006654,-0.08505392
-0.61263853,-0.8010514,-8.661251,0.6983443
-0.83480716,1.0717146,2.443929,0.19083261
0.4280281,2.5614092,3.0822198,-0.5867166
-0.90903234,-0.2056313,-5.25943,0.105128154
-0.9804593,-0.52572465,-8.883221,-0.39918318
0.36800367,2.2911398,1.3521081,-1.0990707
0.5610029,2.8543444,2.4344616,0.3528018
1.274155,-0.36130613,-8.789584,-0.8396177
0.38828883,3.0698872,2.4875455,-0.36316764
1.1061915,0.5578931,2.7568967,1.1587301
-0.6861018,-1.9407384,-11.901175,-0.16921955
0.59785986,1.5689543,3.243992,0.4029591
1.0521535,2.5424647,2.823758,-0.28785092
-0.32577634,-1.5409395,-14.489943,-2.1319547
2.1537194,0.901319,2.260796,0.23878348
0.8491152,0.6681751,-0.4393657,-1.0300847
-0.08332629,0.43840998,1.30861,0.08134232
0.36778402,0.5336525,3.2263768,0.0766267
0.33109242,1.5840623,2.4417822,1.3050592
-0.7663097,-0.6932657,-9.538755,-0.7919187
-1.3811,-0.29773542,-7.8094535,-1.0469851
-1.5026504,-0.11329668,-4.811598,0.11348301
0.34900355,1.8630346,1.9123439,-1.6980654
0.52149427,3.150219,2.1972854,0.9434387
1.2046005,4.2908444,1.906717,-0.38326627
1.5184829,1.1655235,2.747195,0.735688
-0.6544865,-1.4162159,-11.526331,-0.69204736
-1.4366406,1.1993906,1.2516563,-1.3644295
0.742951,2.844487,2.2653651,0.46757695
1.5709647,2.1614516,3.8656538,1.725442
1.8014492,1.4641927,2.228065,-0.02200779
-0.19353712,1.0846939,1.8607296,0.71667117
0.4646424,2.902468,4.193462,0.794806
-1.7770436,1.2849263,3.0823858,-0.90595984
-0.6110659,-1.1299204,-11.244425,1.2465825
-0.39956886,-1.3969171,-11.87674,-0.58603406
0.97308,3.7407062,2.361224,1.3854318
-0.16562878,-0.40812296,-9.087469,0.46274924
1.5610986,-0.2655321,-5.891944,0.38906112
0.1592342,0.083708055,-1.541587,2.2686563
0.5373967,2.3562999,2.2965248,-0.84751546
1.8370807,0.47587967,0.9795969,-0.55527395
-0.713327,-2.0801883,-10.416156,2.0291042
-0.8756818,0.50660026,0.33689815,-0.95437515
0.37195554,1.48478,2.0870414,0.22345126
0.11747499,1.1469187,4.5069013,0.62437403
-1.8595237,1.6729137,3.8227386,1.682549
-1.3263785,1.6838627,1.573556,0.1821523
1.1760603,1.2015519,3.5956879,-0.08454754
0.73372346,1.903805,3.3301678,1.8535669
0.2676709,3.8265247,1.3452551,0.6887767
0.37496874,2.4280276,2.2361856,0.7215774
-0.49353185,-0.4869753,-8.5601635,-0.27338156
1.2407262,1.1508545,0.39841095,-1.3280038
1.1932411,2.4754505,2.071231,0.39689797
0.6605708,3.2285964,0.99622947,-0.55236363
-0.5772256,-2.0183485,-11.838054,-0.14883685
0.060009066,2.076546,2.8217235,0.74223185
-0.8531286,-1.5687642,-11.803946,0.95476586
-0.93478304,-2.3369703,-10.000855,1.4608988
-0.40429443,-0.5298392,-8.363239,-0.05019365
1.8178264,0.16001403,-1.1527948,1.2180558
1.6127286,2.3033438,2.8517373,0.85374516
0.08700138,1.1008651,2.9490864,1.0939484
-1.5230001,0.98251367,2.8373294,0.8757809
1.0268006,0.19521125,-1.6944938,0.43895894
-0.39522207,-1.2867831,-10.779401,0.7078956
-0.56808573,-0.96831703,-9.766592,2.2662632
0.6955183,2.0408976,2.5559328,-0.59309894
-0.84544134,-0.67541873,-10.808173,-0.7369398
-0.20138454,1.3944432,1.6066438,-1.1001174
0.0036163009,2.2314234,1.5178934,-0.5054268
1.0883352,1.5009127,4.16173,1.4481094
-0.33130863,0.20371483,-1.9412159,-1.4356467
1.8105818,-0.2828448,-5.7287416,0.497352
1.6299822,1.161684,3.5405993,1.6409739
-1.3293365,0.008067307,-4.0501904,-0.91737765
1.3114271,1.2278327,3.6792254,1.2524135
-0.7525823,-0.22575171,-7.7814207,1.2823904
1.6683111,0.35240334,-0.25737008,-0.87193996
-1.341705,-1.7402016,-12.255702,0.04040046
0.8338512,1.9419832,0.8027499,0.28577125
-0.55396473,-3.4674175,-11.574096,0.058011897
0.0068611987,1.823484,0.49946633,0.25235966
1.2312535,-0.2169504,-6.262526,0.6058146
-0.2213905,-0.3361548,-7.305011,-0.1253067
0.19867297,1.3159602,2.9652483,-0.22623086
-0.60786796,0.6242861,0.8725554,-0.39004755
-2.049232,0.22782032,-1.4912916,0.2955193
-0.5324377,-0.74946135,-10.184744,1.255151
1.3102646,0.9802976,1.5204092,-0.24369548
1.1780312,1.5581566,3.3027616,1.1020079
1.4467921,0.8243539,0.6940093,0.42091504
0.42218462,4.007152,2.8141792,0.55261946
0.87750506,1.7266339,2.6835396,-0.875095
0.5809326,2.9684248,2.6781983,1.2924174
0.07198519,1.1967872,1.75897,-1.6941105
0.6126808,1.4888333,1.6626738,-0.004665145
0.7510996,2.2940423,2.9144597,2.554628
1.5069803,1.7648305,0.6963985,-0.9895615
-0.3350913,1.4253634,3.9145224,0.42818877
-1.419234,2.1273236,2.8762681,0.15842196
-0.41376248,-0.9759376,-12.894876,-0.83223146
-2.7162802,2.5998335,1.0403827,-0.5830548
-0.657658,-0.3498527,-7.4732695,-0.36241788
-0.20239426,-0.7409859,-10.47647,-0.118732415
0.2890059,1.2049458,1.2639374,-0.575428
1.5954041,2.0224006,1.0388348,-0.7282873
-1.3655528,0.3982753,1.7620785,0.2934457
-0.17012231,-0.5022371,-7.975336,0.5631774
0.23146676,2.594045,3.5822065,0.95595235
2.6627266,-0.5936829,-10.392932,-0.36905107
0.96962374,0.029900653,-2.674572,-0.63807154
0.8869626,1.9838437,2.836349,-0.8551222
-0.7947061,0.17184103,-0.39328057,0.40877092
1.0847476,2.9229903,2.8729765,0.43238187
-1.8814838,1.4839054,1.3268623,0.13666683
0.101060845,0.72478306,1.3223711,-0.7561402
-1.5514412,2.4693737,2.0865066,0.4072378
-0.6198048,-0.4840079,-8.937971,0.44014767
-0.90369093,-1.0415542,-12.89678,-0.0037247918
0.70851994,1.8877196,0.8204352,-0.61976117
1.5317684,0.8742631,2.6087856,1.4906857
-0.1315709,-0.057634562,-5.1185637,-0.04870264
-1.7722311,-0.5430821,-9.634271,-1.3364178
-1.1185259,0.5156963,1.8342966,0.6018228
1.4528778,1.0008887,0.15310368,-0.35109273
-0.43479064,-0.41532537,-8.528072,0.39032236
-0.20859933,0.16032727,-0.28163612,1.6111658
0.48878574,2.3466673,2.7822852,0.0733763
0.4395502,1.6851884,0.5350189,-2.2125132
0.10205979,3.665751,1.1754698,-1.1164658
-0.02769846,0.7206284,3.546354,0.19419473
-0.36841545,-0.8080042,-9.920718,0.0033303723
0.75803804,1.4040024,3.8659785,0.76219654
-0.47232324,-0.37669578,-7.3352656,0.9753447
-0.4792974,-1.8305686,-9.343531,-0.6218565
1.5200036,1.449848,2.3025444,-0.3613543
-1.1748201,0.20354904,-1.0775856,-0.27336904
0.40565223,4.577686,1.7523329,1.4937361
0.8841147,2.7194228,2.470393,-0.21757527
-1.4409921,-0.098486476,-5.1931944,-0.47529384
1.7564787,1.2284989,2.6850226,0.20662369
0.1869706,0.3938526,0.37732917,0.683243
0.6230102,1.9046607,3.3020146,1.4184291
0.24498521,4.050887,2.935148,0.7117733
1.505567,1.7112749,1.7755738,-0.097245984
-1.2775884,0.5283197,1.9955599,0.7101408
0.20565668,0.8375786,1.5489733,0.23265885
-1.009341,-0.38555261,-9.464712,-1.6940938
-1.186382,-0.7224526,-10.217186,-1.9699701
0.68014574,3.1094477,2.279339,0.5520448
0.7064716,2.2320828,3.5887775,-0.29695678
1.5118653,1.2622558,3.8660436,0.50549036
1.061435,1.1862663,1.0973685,-0.45099375
0.9735768,2.9184315,5.937225,2.8750448
-0.33812055,-0.50785416,-8.935821,-0.43915638
1.8904037,0.083852164,-1.2030253,1.2445804
-1.0368671,0.5367312,1.5946413,1.1379197
1.103774,1.3497145,1.5986875,-0.98376054
-0.6374392,0.4739403,-0.19693618,-0.5086912
0.6703917,0.9951295,1.3047105,-1.416928
1.9070559,-0.95121205,-11.559943,-0.6490162
-1.5257775,1.3020738,1.9651308,-0.29408658
1.621728,-0.08734799,-1.9252857,1.3272461
0.5574868,2.8130636,1.8939251,-0.5464321
-0.73080677,-1.6075877,-12.073448,0.48049727
-0.18231426,-2.056878,-11.547941,0.014674169
-0.17461365,-0.2520486,-5.4307265,0.563403
0.44705415,3.1506653,1.7625782,-1.4226704
-0.04028082,0.083745666,-1.7388307,0.5494056
-0.71617806,-1.9562057,-10.252683,0.6755419
-0.21420689,1.352789,1.8310326,-0.88441676
-1.2132523,2.9824646,2.0378432,-0.18505579
0.41338503,1.403665,2.044626,-1.327046
-0.55678976,-0.6148366,-10.0077305,0.14356498
0.3771163,2.087025,2.798625,-0.7103651
1.1758523,0.3166223,-1.75829,-1.035879
-0.74691635,-0.2826981,-6.901084,1.358001
0.60522133,0.9230946,-0.1870889,0.16213147
-2.3488374,2.2072282,1.6406951,-0.9993928
0.40064037,1.0526953,0.8583816,0.42745194
0.9413479,3.1370552,2.1748152,-0.5017361
1.1219074,2.9260812,3.500488,0.21986824
-0.23550332,0.48199058,-1.3794285,-1.563689
-0.8640481,-2.2071466,-10.355313,0.37199205
0.040190514,2.2176442,3.5581946,1.3221933
0.7780035,2.649671,2.0005395,-0.4732091
-0.42980552,-0.4155486,-6.3992176,0.9366391
-0.2927121,0.2871769,-0.4700478,-0.6760595
1.7740563,0.58428955,1.6859435,1.0708312
-0.37726447,0.2349149,-0.60203165,1.6712973
-0.8029174,-0.22903414,-4.796108,-0.012942203
-0.06472839,1.1099005,1.4812051,0.64411503
0.74155104,2.0539122,1.8768234,-0.6696917
-0.8862208,0.12462881,0.5851242,1.0783706
-0.4008347,-1.4861895,-11.568409,-0.42357558
0.8855011,-0.08195723,-4.8950586,-0.7210065
-0.25789487,-0.1546819,-5.378297,-1.4746171
1.8287754,-0.30922526,-5.9680076,-0.19638209
0.78862935,3.1537576,2.120178,-0.36031583
0.54435486,2.724186,2.1606004,-0.43886775
-0.68729705,0.3606454,-1.520056,-1.5507835
-0.6428513,-0.9790691,-10.230928,0.3335111
0.6974097,1.3302356,3.3735018,0.648614
-0.107961945,-1.2138199,-11.364611,-0.8480089
-0.5749878,0.30238602,0.12737896,-0.15652752
-1.0105462,0.49240574,1.384203,1.0811589
0.6220752,2.9305046,4.32098,0.76743066
1.4288924,2.0722737,2.8412068,0.6321109
2.1120195,0.6081967,1.2617272,-0.9835288
-0.8709389,0.87991416,0.30225173,-0.9420248
1.540933,-0.5696631,-10.073076,-0.8307968
0.9763817,1.9166793,0.93958914,-2.1974573
-0.9118813,-1.5247864,-11.922697,0.15540373
-0.7735128,0.1504124,-1.5109257,-0.27854407
-0.030572444,2.1099966,0.9795443,-1.955882
1.8436999,0.7292593,0.47745532,-0.0562581
0.7071347,2.0576994,3.462905,1.8979343
-2.2562501,1.2686684,1.6755962,-1.073023
-1.9405334,0.26653636,-1.2262968,0.30007204
-1.0880145,-0.054285683,-4.601337,0.3198451
-0.21142861,-0.3748044,-6.135189,1.7369208
1.9103425,0.9209437,1.6790723,-0.7095722
-0.8586684,0.30519262,-2.180081,-0.44657663
0.8110897,-0.2938226,-7.78433,-1.0134948
1.3248683,2.066283,2.6460533,0.64244473
-0.6496165,0.24807727,-1.5556705,-0.6734562
0.34404615,2.5866768,3.1436677,2.0351863
1.006704,-0.03403819,-4.027742,-0.6374484
-0.32974237,-0.48315662,-8.295317,-0.12359774
-0.9912056,0.1828022,-2.059176,-0.63054544
-0.94772434,1.3940248,2.1772356,-0.22815111
0.801301,1.9442451,3.5796556,1.2524968
0.39543697,1.910861,2.6685224,-0.25109947
0.30345193,0.27524418,0.20371498,1.7654538
-0.849614,-1.1253575,-9.765297,0.2638264
-0.28362545,-2.6451235,-9.975229,-0.3712785
0.88339686,0.5571287,1.6741011,0.6108878
-1.3234086,0.10228823,-3.1229763,-1.6114475
0.46387276,2.655413,0.24453992,0.28618905
-0.0990447,0.041478503,-3.6604347,-2.0982356
-0.049641572,-0.8496481,-9.342677,1.8152785
-0.5829434,-1.9953374,-11.918338,1.6328118
-0.70993024,-0.1707279,-6.6662335,-0.10576438
1.9065987,-0.65995765,-8.920874,0.7575619
-2.538511,3.001285,3.5106802,1.522503
-1.6406012,2.1238618,3.8506563,1.4945624
0.6365868,1.9981786,0.9359489,-1.2740091
0.097786106,1.0385927,2.1448257,0.864786
0.82355547,2.8454204,2.1649892,0.22589684
-0.1604767,-1.8916084,-9.985673,0.65521586
0.49489278,2.0547006,1.7072477,-0.78919005
-0.5128121,0.48651117,1.155123,0.8732728
0.19885284,1.6308329,2.7608125,1.9530028
-0.7831295,0.7414318,3.6197612,1.0970185
-1.1789442,0.36097735,-2.3770852,-1.9026916
0.7152085,1.5596086,1.0482963,-0.39451107
-0.53497714,-0.013769519,-3.4510233,1.3375078
-0.8903415,1.1229208,2.8376925,-0.34633368
-0.9840827,0.68824244,-0.6372014,-1.2499335
0.22700264,1.6331071,2.2607684,-1.4274817
0.72464466,2.6781638,3.286797,0.24995033
0.252031,3.410065,1.8406571,-0.49472606
-0.92344296,-1.0392488,-10.771633,0.6313412
1.0747038,0.9749159,1.9086456,1.3028848
0.25838363,0.5268446,0.35573885,-0.23235074
0.6320826,1.5554962,2.831985,-0.6749819
0.13978724,1.5158908,1.5472536,0.19096324
-2.38175,2.3157778,2.8660622,1.0225964
0.17059821,0.34226188,1.2406957,-0.48935544
0.04236114,2.240615,3.902308,1.353504
-0.594332,-0.4897829,-9.807771,-0.3850073
-0.54167837,-1.3326019,-11.529232,-0.1602016
-1.5706546,1.7442672,1.0625588,-0.94001997
-0.01837373,0.38274896,1.4333131,0.45870492
-1.2562873,-1.6273685,-11.2009325,0.5513841
1.6333491,-0.35265157,-9.363245,-0.0033036896
1.423475,0.28878507,-1.6109205,-1.6187077
0.19115923,1.0705602,3.7131329,1.814833
0.67287046,2.391443,3.4350805,0.2519332
0.2846845,3.7561653,1.8905132,0.08306907
-0.31626305,-0.4055839,-7.0996284,0.7879749
-0.33157688,-1.0899475,-9.393024,1.5434561
-0.8322906,1.2708609,-0.24970116,-1.402369
0.0031104183,1.3368834,1.7718682,-0.81129587
-0.7478617,-0.0027925558,-2.7576222,0.40024722
1.4202288,0.37466618,-0.0062703956,0.5363332
-1.592195,-0.5120029,-8.214456,0.2552696
0.6417864,1.8220785,1.4127293,-0.29683527
-0.26149032,0.58319163,0.50679994,0.44948745
-0.30687296,0.20838133,-1.1202805,-1.8429868
0.36100236,2.0623443,2.153216,-0.27248144
-0.0932377,0.12731819,-2.9704876,-1.2792113
-0.29245964,-1.1685318,-12.160867,-0.97799486
-0.30068612,0.2669297,-2.0647151,-1.6580186
-0.5608414,-1.6732854,-11.340091,0.20115307
1.576193,1.2853198,1.8810215,-1.0027993
0.45402917,3.4280722,0.3840009,0.24055284
-0.3927582,-0.618542,-11.202808,-0.5879372
-0.14048347,0.71932465,1.4908843,0.9238146
-2.8925197,2.631064,2.0763772,-0.3366943
0.024130166,1.8970019,3.6167276,0.3853907
0.9787301,2.6705325,1.0576353,-1.786066
-0.38283488,-0.45153448,-8.16116,0.1989537
-0.17792735,-0.255182,-6.2510877,0.40223846
0.48657835,3.7505302,2.9109151,1.9542017
1.044608,3.9349113,2.807458,0.745389
2.2993803,0.91152257,0.5379694,0.027531749
0.23562086,2.0023096,2.977223,1.2316792
0.15617506,0.023381267,-4.2093277,-0.24538518
-1.1786166,1.0903734,1.473762,-0.09973547
-0.2868352,1.3107213,1.4488902,-0.23411293
-1.542758,0.07977841,-0.6559127,-0.32268515
0.12895705,0.021033065,-2.5886786,-0.0034322664
0.10729133,2.6749456,0.81504446,-1.4784184
-2.199254,2.3808205,1.8659596,0.6391028
-0.31030422,0.4480941,1.1397601,-0.013058718
0.31709817,1.2180797,2.5772235,0.970509
1.509509,1.6000749,3.0430133,0.856879
-1.0577539,-0.7425807,-8.810774,0.16147971
0.34207484,2.946368,0.11026948,-0.44769645
0.4496168,1.6147863,0.74221843,-0.8489572
-0.26065114,-0.7848753,-11.050421,0.2807172
-0.27510872,-0.7375537,-11.834352,-1.0250067
0.6036767,3.8109343,2.6323435,0.38933152
1.989693,-0.11148819,-4.7549443,0.03945619
-0.7028346,-1.7088008,-12.076936,2.1233926
-0.04587555,-0.5910145,-9.157914,-1.3103632
-0.14515182,0.57014024,0.52635646,0.08443495
-0.04217711,1.104132,1.3335311,-1.0886658
-0.33818325,0.36356217,0.5316633,1.0307207
0.32242772,3.4433613,2.7602453,-0.7747927
-0.01303376,1.3108506,3.4046364,1.0355016
-3.0074372,0.047787838,-3.319569,-1.0603148
-6.835257e-05,-1.5731636,-13.841237,-2.5572696
0.9622224,2.2289171,1.7578986,-0.65851194
1.153618,0.9313923,1.3332531,-0.66473085
-1.7055424,-0.19343577,-4.550679,-0.88882613
-0.29767326,-0.6826015,-10.009011,-0.09089862
-0.6725831,0.8106488,1.9256315,-1.1617439
-0.09834549,1.0961494,2.2886517,-0.20361148
-0.23386641,-0.3074291,-7.9054418,-1.0267386
0.85314816,1.2878152,2.1585925,-1.2426993
0.16518307,1.3532349,3.0174863,0.9443316
0.79574084,1.776622,3.6149347,-0.05988278
0.547426,2.21923,2.0155056,-0.082996875
-1.0537292,1.6805243,2.1866128,-0.3468289
-0.5541289,0.5058476,-0.6396218,-1.2152101
-0.93879145,1.187792,1.8499569,0.09246991
1.2073749,1.4937598,1.3473504,1.0450464
-0.33070907,0.96293247,0.98839253,-0.8883321
0.08165836,0.9513368,0.06965243,-1.7640524
1.5493113,1.1765277,1.8033102,-0.40604833
0.7856813,1.4084139,3.1657667,-0.06575042
-0.4649276,-0.6096627,-9.164076,1.3072512
1.1971284,-0.2170127,-6.599114,1.6685567
0.19808704,1.2706574,3.9351108,1.085048
1.0572141,1.455154,1.0865226,-0.081190884
-1.06378,0.08428217,-2.1791563,-0.28771722
-0.39916688,-0.5377681,-9.026708,-0.8875243
-0.35562843,-1.4956454,-13.67006,0.18546928
0.5074303,-0.09974531,-3.3883562,1.4060565
-0.25237796,-1.6143882,-11.410138,-0.5437359
-1.1741236,-0.62322026,-9.531936,1.3517457
1.3308276,0.22764514,-1.1325624,-0.54015464
-1.1904557,0.057516575,-0.89878553,1.3796631
0.10804658,0.87765926,0.013491294,-1.398984
-1.0857035,-0.43133846,-8.872948,0.5859847
0.25723532,2.6935136,0.23861076,-0.45670605
0.18431485,1.661018,3.0058892,0.036870252
-1.1436781,0.3826296,-0.13728473,-0.5190196
-1.3548613,0.06437797,-3.7769935,0.43482888
0.06814416,0.30220228,-0.2826733,0.14113274
-0.47556397,-0.7347546,-10.457479,-0.4143476
1.1305174,0.8511798,1.1529303,0.08541344
0.25483236,2.7488446,1.3498057,-0.6808292
-0.17355245,-0.299697,-6.9291496,-0.18883175
0.60027367,1.7523718,4.565195,1.0338303
-0.97554225,0.8944148,1.2888719,-1.1966004
1.898921,-1.2124575,-12.083205,-0.9740772
0.27968907,2.0166109,0.97609586,-0.4616501
-1.283047,-0.23106301,-6.0087876,1.291515
-1.5349581,1.9932652,3.1494093,0.46402103
-1.3938724,1.1710949,2.2692695,0.65177387
-1.1937325,-1.5386988,-11.334508,0.74310315
0.40432292,2.5844123,-0.25046545,-2.272579
-0.23301646,0.09074294,-2.2474184,-0.6639416
0.11123866,1.2542263,3.7863176,0.60422194
-0.35007304,0.29585564,-0.0034255732,0.5654203
-1.5922159,1.1843861,2.0409784,0.3816436
0.44633344,2.946957,-0.31037322,-1.5707842
-0.124618016,-0.025833635,-1.7849079,1.4305717
1.6267208,-0.15597643,-5.926915,-0.8388062
-0.7795514,-2.3533392,-12.026632,-0.47624406
-1.9384589,2.2564578,2.4868836,1.7068709
0.41596392,2.4247458,1.7372475,-0.50981355
-0.13130191,-0.63220274,-10.644228,0.1530703
2.657273,-1.3152144,-11.47838,-1.3041067
-0.105189554,1.5758028,0.1553782,-0.32897353
-0.8574284,-1.8139942,-10.376186,1.1695004
-1.9408824,1.4573679,2.3129187,1.207951
1.2453766,2.044248,3.1348064,0.84478843
-0.46922228,1.6430482,3.3684645,0.7821448
-0.27429947,-1.3973035,-12.3126745,-0.21174651
1.0651326,3.2250416,0.4662357,-1.4217275
0.52768046,1.8485537,2.4647725,-0.21206604
1.0183731,1.7318175,4.3828177,0.73557985
1.7716566,1.6345311,3.71534,1.8035556
-0.26478177,-1.3108401,-9.952015,1.1611515
-0.7252821,-1.6977346,-11.772115,0.5173534
0.5485518,3.2105331,1.3105735,0.2566844
0.9258662,2.2645342,0.8886362,-1.6765374
0.590259,1.7840208,2.539147,2.0318768
0.2800785,2.0205867,3.332667,-0.1885375
-1.9866602,1.6862891,2.8559108,0.7699096
-0.7251887,-1.3636012,-12.003398,-0.8097165
-1.0829941,0.57343256,0.47233853,-0.15804611
-0.35746565,-0.34101892,-8.640833,-0.20235084
-0.03824362,2.5053043,2.6621573,0.762493
0.30047837,2.7933917,1.0475553,-0.63742286
-0.24028438,-0.45020315,-8.49246,0.48435122
-0.016738288,0.6744837,1.2417891,0.0977944
-0.9265797,1.043076,0.7940275,-1.5926179
-0.14829257,-1.2976393,-10.840804,0.024607496
-0.5967708,0.8645956,2.2743664,-0.23719478
-0.6040331,0.82449526,2.460272,-0.43520215
1.1968697,2.8287888,1.6494881,-0.29651946
-0.9516836,-0.55108815,-10.498715,-1.7904142
-2.113932,2.506339,1.3961545,0.30552554
1.258197,1.9015563,2.930855,-0.16674572
-0.50729144,-0.15156792,-4.9580064,1.0320839
-0.62027556,-0.30041108,-7.269069,-0.8721739
-0.3844381,-0.5205205,-10.26193,-1.5474477
-0.07903468,1.146981,3.2513337,1.0049332
-0.20862566,-0.84810096,-9.144693,1.5085417
-0.7002085,-0.48843333,-9.606189,-0.84847534
0.35293382,1.6018988,3.9455647,0.86761266
-0.042498108,1.3012264,3.1745186,1.425172
-0.3410792,0.04958953,-2.1944194,1.5803406
0.21592991,2.6242669,1.3958926,-1.9670011
1.5924257,0.7778317,0.57557344,0.14244004
0.6253252,3.7440546,0.80046695,-1.3464376
1.5246464,1.3099583,2.9292006,-0.3360594
2.9799762,-3.1532524,-12.306296,0.55230534
0.52843875,2.8966062,3.1316736,-0.13039398
-0.8698655,-0.21331917,-3.7891445,0.6682632
0.5922317,2.3741758,1.4994276,-0.49250454
-0.31590444,-0.33212808,-6.424296,1.5241952
1.6671592,1.3336145,2.0479019,-0.09406866
1.6147964,-0.34073797,-7.6139526,-0.56415486
-0.67075855,-1.3214496,-11.386435,0.5754742
0.61109596,1.6119682,3.2060647,-0.1394081
1.7984121,0.7459062,0.25767502,-0.84993464
0.50865346,3.2294822,0.13781297,-1.2518253
0.31110942,2.109956,0.77311915,-0.92232525
-0.87331635,1.2503633,2.7505944,1.8340495
-0.9519917,1.2036998,1.7098598,-0.3524192
0.61954284,2.962744,2.7423654,1.4352087
-0.51960427,-1.7833912,-12.053785,0.9413733
1.5664979,0.59902483,0.21113688,0.55493927
0.16349451,0.550424,2.873099,1.3744619
-0.6441716,1.5174202,3.674168,0.9487994
-1.9519109,3.8118522,0.9117729,-0.9816217
1.2396585,0.78273,0.63725185,-0.6356129
-0.6835675,-1.8887112,-11.40459,0.19988258
0.9291818,2.0306313,1.3824351,-0.4911526
-0.7374562,-1.8263112,-11.713375,-0.5239448
0.82438993,4.415395,2.7433383,1.8806819
0.016706508,1.8972392,2.7608774,-0.0090192435
-2.1699743,0.5031877,0.9020452,-0.36796272
-0.76764923,0.36649176,-0.6040934,-0.49266818
-1.0755147,-1.8385816,-12.292678,-2.7363005
1.1511514,1.6751326,2.0949085,0.4208832
0.23739885,0.10418515,-2.9381294,0.8874025
-1.315783,-1.4338789,-12.190343,-0.20161213
-0.28318343,1.1170834,2.4228327,-0.14963275
0.7244465,2.620841,3.4703863,0.20198804
1.9609138,-0.03597061,-4.184862,-0.9754031
0.85140866,2.7829242,3.2491076,0.1697048
1.2755493,1.5958569,2.1725988,-1.9772203
-1.6250414,1.6976794,1.093795,-0.27064958
-2.615371,1.3328369,1.003186,-0.5384113
-1.5249019,0.38457257,0.23506653,0.071567096
1.7055863,1.4645752,3.7000995,1.6057962
-0.31296653,-1.0226188,-9.950142,0.22947814
1.1033236,1.3705331,2.2472079,-0.31386393
0.7816812,1.4418931,2.6615076,-0.76311654
-1.3616911,1.1301653,1.2769407,-0.8926577
1.3871814,2.127409,2.7795057,1.0580813
0.4754701,1.0626165,1.8817222,-0.64106303
0.29228273,3.1997976,3.6625,1.3093263
-0.5327552,-0.94256467,-10.935301,-0.36204398
1.1385982,1.5034864,3.124515,1.7404618
-0.80623573,-0.51889265,-8.529663,-0.9641976
0.13722478,0.47665295,0.5987779,-1.3668231
-1.1072885,0.3624239,1.0007173,0.059511255
0.98530895,1.3546605,0.9979949,-2.495033
-1.9596153,2.440508,1.9319402,0.44561464
-0.5566545,0.3461551,-1.988895,-0.6999232
-0.73384184,1.0543624,2.35379,0.45549208
-0.08803982,-0.96046734,-11.776846,0.099071324
0.99797595,1.4310338,4.1254306,1.7443416
0.52685046,2.4796803,1.9459215,1.1820909
-0.1820611,-0.41060093,-7.9304028,0.21097155
1.1552664,2.8540616,3.337428,-0.4344485
-1.0187836,0.75936526,3.1428654,0.7707314
1.37133,1.92521,2.2030249,-0.95233774
-2.6680613,2.5973291,3.77462,0.5323555
0.23078819,0.28565386,-0.95569354,0.37332273
-0.59415597,-1.6167526,-10.705412,0.95362264
2.2700589,-0.7285012,-9.644455,0.67938083
0.8866586,1.8575919,3.137541,-0.38532278
0.4399749,0.73765373,1.8207487,-0.6337891
0.2571542,1.3169894,3.755938,-0.39238456
1.1351559,2.146306,2.6208832,0.969338
2.1729958,-0.038312934,-3.6166239,-0.050438434
-0.39868784,0.31900087,1.0689944,-0.48391238
1.4007777,0.33341944,1.3921195,0.5747318
-0.7482986,0.016714321,-2.4390202,-0.37129298
-1.3109303,0.43884012,-0.9106774,-1.3246465
-0.06060656,0.39689925,0.040208172,-0.25225267
-0.12539876,1.1044137,1.211353,-1.4943291
-0.13017039,1.1234192,2.339101,-0.25367686
-0.15608041,0.008408438,-1.6691415,-0.29450637
1.110172,1.2959595,3.0534832,0.66713154
0.5405353,3.813548,1.0894607,-0.23782113
0.055036593,1.688225,2.2256696,0.8156415
0.66978323,3.8170269,2.7650225,0.7366029
-0.9254625,-1.0989637,-11.193311,-0.005146845
-0.29874286,0.7601978,0.4906816,-0.31323022
0.73009384,1.8813237,2.5355272,0.37002528
2.438684,-1.6697738,-12.45806,-1.110409
-0.2442411,-0.6608538,-11.609296,-0.31669843
0.7872981,1.6518842,2.9818518,-0.62507373
0.683766,2.2351134,3.0177386,0.11192713
0.11789539,0.18824115,-3.7389734,-1.2904143
-0.5599343,0.1966591,-2.4084108,-0.4800151
0.1298544,-0.5357579,-9.346737,-0.55709255
-0.5833628,-0.79860747,-10.698635,0.35358685
-1.696172,0.42564887,1.0748571,0.21516557
-1.2267603,0.09076547,-1.7538395,-0.23677233
-0.19353883,0.45502517,-0.27656743,-0.5807548
-0.04235953,2.1512117,4.079835,0.45335248
0.098646365,-0.40744278,-9.124487,-0.60283476
-0.060990833,0.7082057,-0.22461948,-0.10811828
1.8280153,2.121687,3.3478303,-0.033246428
0.06693233,2.2598784,1.5850939,0.39873722
-1.6193234,2.3273914,0.58905023,-1.1112407
1.3130826,0.13662949,-0.49044672,1.9916985
-0.20583963,0.31448314,0.32222104,0.43593395
0.30580285,0.64639264,2.371236,1.5441912
0.13933355,1.6344103,2.4947984,2.0051847
0.3161602,0.56193584,2.549841,1.952335
0.7691809,3.3942034,2.222241,-0.04618079
0.90414226,1.3033639,2.0146718,0.18787631
-1.0761878,-1.3433492,-12.290075,-0.67822313
-1.5049669,1.2865175,1.5421807,-0.94830847
1.031659,1.8040626,2.7768695,-0.21853493
-0.23362224,-0.4861488,-9.202553,0.5254091
-0.7931124,0.031220093,-2.6328676,0.8678022
-1.2315516,0.5170984,-0.102944575,1.1778039
-1.66222,0.055391107,-3.2194948,-0.46882585
-0.6956736,1.826174,1.5267403,-0.25298205
1.2569468,1.5753293,2.7990983,-1.156595
-0.6392867,-0.7333969,-9.877483,0.40448344
-0.77376336,-1.0094419,-11.607491,-0.65702856
0.551034,2.6762633,1.1298858,-0.034080222
1.1201286,1.8704141,2.5031059,0.3937075
-0.31874487,-1.144424,-13.505458,-0.98201936
1.1052986,1.9561647,3.0463967,-0.7239712
0.62460923,1.9962269,1.7135701,0.018998431
1.4715322,1.7931502,1.5453583,-1.4412516
-0.7139037,-0.7777146,-10.266824,-0.31918788
0.22187957,3.651197,1.8550994,0.15600868
-0.013489038,1.3764409,0.7540032,-1.7592884
-0.7166434,0.3786324,0.43027732,-0.3724147
0.22033608,1.9973321,2.2769334,0.4965829
-1.3593202,-1.6681639,-10.819201,0.03664644
-0.69299036,-1.182629,-10.905665,0.7918623
-0.13715309,-0.68915474,-10.444497,0.9590959
-2.351153,1.0328579,2.8329184,-0.3310014
0.4626929,4.418517,3.5328674,0.73357904
-0.7853214,-2.3939126,-11.861167,0.8761483
0.7641232,3.3020163,2.902975,0.80284524
-2.7589276,2.8442256,2.110898,1.8836117
0.46510747,1.6509594,2.9176018,0.14109479
0.1711569,1.4056712,0.772458,-1.3266441
-1.6126866,0.77147776,0.75901425,0.6382811
-0.5621862,-0.26223126,-7.7668104,-0.1659453
2.4959946,0.0005266218,-3.7073011,-0.19285631
-1.6712106,2.0483012,3.3789978,0.8006596
0.5640015,1.4631393,2.6047404,0.99597484
-0.6252645,-0.15129222,-4.739117,-0.86092645
-0.51341045,-0.51546335,-9.858198,0.14264257
-0.65462106,0.6051418,1.1619184,-0.047850847
-0.7458623,-0.57699597,-10.00497,-1.511209
0.16335683,0.73805565,3.0587962,0.8659617
-1.0594494,0.07616188,-2.333436,-0.35137054
-0.83607155,-1.5211087,-12.986155,-1.8956096
-0.87786126,-0.65886223,-9.410166,-0.6957369
0.33949015,2.7575073,2.7045407,0.935593
-0.0797269,0.96707886,0.8917062,-0.6900342
-2.4381325,1.7304227,1.8667458,0.42144814
1.8176587,1.3208903,2.2475736,1.3871537
-2.1006796,2.50026,0.47083116,-1.4787617
0.9785193,1.1634877,1.4734106,-1.4935367
0.1693081,0.4535486,1.8491187,0.4783797
0.32647568,1.0428336,2.1085455,1.0086012
1.3674835,0.13879982,-0.9953155,0.61568654
-0.9636094,-0.7169572,-10.310028,0.015397829
-0.56726515,-0.86984706,-10.334425,0.49921536
1.6634212,-1.1690207,-10.540055,0.77240604
-0.35617557,-1.8281363,-11.816798,0.40425953
0.5220121,1.9667019,3.9801311,1.2690983
-0.72132033,-2.6599498,-10.855335,1.419566
0.5125415,0.8649128,1.9290152,-0.38440034
0.23390697,2.7057111,1.4051057,-0.35028967
0.13893647,2.674573,2.0373654,-0.51211375
0.013150034,0.68992585,2.1122124,0.47408652
0.38726348,1.4481528,0.48876187,0.14975937
0.5889864,1.2243147,2.89108,0.2764837
1.8592058,0.54392916,1.1789255,0.39813775
0.2278479,0.55606467,2.5821588,0.9997788
-0.47115913,1.0280864,1.0374169,0.16401485
0.07243496,0.8095508,1.3886019,-0.02528578
-0.25432622,-1.4195771,-12.049395,-0.31100234
-0.67412215,-0.41574848,-7.9009647,-0.5154004
0.15716736,1.5244023,1.3764365,-0.22626388
0.03952924,1.4338269,-0.22790311,-1.4984066
0.89742255,3.0953178,2.1205997,0.0894142
-1.74725,0.34474084,-2.1400526,-3.0652902
0.27840653,0.9827544,0.5706066,-0.68545705
2.6300569,-0.97421455,-11.156145,0.7374202
0.5389986,1.6240602,3.7189908,0.33891067
-0.28523704,0.66124004,3.1734483,1.8618513
1.4106215,1.5188668,3.1671703,1.6155341
2.536914,-0.19620964,-5.771342,-0.75154096
-2.1828673,1.9221017,1.4376465,-1.1368858
0.04635227,0.120403156,-3.1870534,-1.0938168
1.847414,0.22313994,-0.13022716,1.4776736
0.4396181,1.9327917,1.9693419,1.4065021
-0.41330132,-0.9805441,-9.096176,0.78743607
0.853637,1.1642547,2.2298768,0.110183746
0.5498104,1.5578334,2.8824801,-1.461091
2.0694754,-0.78055394,-9.512274,-0.056663357
0.007131192,0.013419571,-3.326307,-0.1900961
0.3724844,2.371376,2.8090808,-0.32409748
-0.22008853,-0.8076423,-11.554388,-0.17023501
-0.3599655,-0.6937384,-10.20808,0.25540414
0.6768316,0.21974282,-1.6936322,0.32842708
0.5546889,3.47375,1.4340873,0.6732708
1.0151198,1.9513714,3.0277348,1.685497
-0.99076325,0.31371164,1.5107181,1.0280212
1.4097728,3.3253849,2.4205728,0.2653425
0.17020941,2.3284886,1.1063187,-0.6249856
1.289432,0.42178607,2.0535934,0.5473752
-0.33665007,0.4385317,-0.85416025,-0.8412121
-1.6009552,2.6830335,2.6945388,1.1690818
-0.1797384,1.1943698,0.06106446,-0.57178134
-0.26864037,-0.19401753,-5.451074,0.20768817
-0.95091283,0.28001907,1.7170051,2.5217614
-0.3014257,-2.3834066,-12.02337,-0.17735758
-0.90753573,0.29011,-0.7769674,-0.08051257
-0.123673536,0.98441386,2.3135018,0.614461
1.5671607,2.01849,3.4306169,0.4818674
-0.633376,0.18406509,-1.00266,0.9420505
0.7123593,0.7388051,1.2621714,-0.77470714
0.8378915,2.9251528,3.3219042,2.197757
0.33435747,2.2468762,1.90661,1.0215362
0.7424204,1.6626917,4.1219068,1.5678848
0.43108258,1.158014,1.3097019,-0.3395195
1.6502558,0.983111,1.247132,-0.022072094
-0.45454568,-1.4566007,-10.181571,1.3117667
-1.7254183,0.78038275,0.12199109,-1.5562757
1.3871597,2.2508206,2.2211065,0.89675254
-0.10540882,0.7419171,1.7657353,0.33568618
0.74583066,-0.11222504,-4.411701,1.2046901
0.35930482,2.783996,0.5641335,-1.5702449
1.3495306,0.30796677,-0.37531066,1.8995456
0.063483685,0.95778704,2.062802,0.49707058
-0.3282353,0.8203516,2.8606606,-0.1044965
-0.88646275,-0.19886743,-5.1657896,0.643428
0.29121584,2.7175462,1.962209,0.534716
0.22867838,0.71873915,1.0759469,0.729806
-2.4394093,1.5499583,2.4705129,-0.5589236
-0.5943988,-1.1119866,-11.866976,-1.1096714
-1.4633255,1.2702156,4.09395,1.2312456
-1.0447676,0.19924401,-2.1205606,-1.1977556
0.14298028,0.6363211,2.3006542,1.0358833
-0.8878524,2.3750484,2.0514326,-0.6481067
-0.077218644,0.42332423,-0.404699,-0.6326814
-0.04345221,0.50055057,1.3319178,0.7163796
-0.032614168,-0.7577124,-9.813816,0.21740876
0.043056875,1.2359501,2.678731,0.5404326
-1.3510474,1.7682054,0.44871742,-1.372521
-1.8913591,1.7512926,2.4115946,-0.16323939
-1.4136934,0.08454618,-2.5104177,-0.25453034
-0.42511863,-2.3843777,-13.100417,-1.1150818
-0.29759818,-1.0895499,-12.64926,-1.2048935
0.1460434,1.1417223,3.4735816,1.154835
-0.674734,-0.87687373,-10.183933,-0.13700517
0.06955885,0.49192044,0.25434905,-0.010697562
1.7623432,1.4712397,1.8082292,-0.43374076
0.25516656,0.48105466,1.3298348,1.2328128
1.217697,0.30205226,-0.08059631,0.2597579
-0.6265271,0.9844005,0.5367095,1.0470041
-0.8086478,-1.288912,-12.205684,-1.0655667
-0.4603413,-1.8190795,-11.756148,0.37173572
0.30328375,4.246054,3.0397294,-0.3763219
0.057227015,0.92821443,1.9757507,0.032781713
-1.1391999,0.26342365,-0.659965,-0.4376356
-0.34620333,-2.2607841,-9.620816,-0.15339567
-0.48418024,-0.27761477,-7.1848307,0.15092333
0.69607204,2.716808,0.9052319,-1.2281902
-0.8314924,-0.5761328,-9.9746895,-1.7905532
-0.5378848,-0.07564975,-4.6686254,-0.1923239
-0.9194612,0.06902645,-4.2958694,-1.8979523
-0.26163834,-1.5581082,-12.098334,-1.950493
1.2703013,1.1660132,1.7294186,0.31335557
-0.742424,0.9422978,2.9310672,-0.8970508
0.16821438,0.41235295,0.6618429,0.6125632
-0.16339034,-0.31633872,-7.7754025,-1.0219343
-0.116287455,-0.2407548,-5.5620346,0.5057061
-0.8170961,0.042161386,-5.227566,-2.2912688
-0.9835948,0.006746807,-4.731954,-2.1231816
1.010051,0.9466756,1.7822409,-0.32574984
-0.002845334,0.71320486,1.0727718,-1.1031811
-0.42920393,-0.75978947,-11.522221,-1.4904175
1.1659341,1.2831801,1.2933925,-0.8712263
0.1957828,2.2654977,1.2700517,0.023624776
-0.22581108,-0.23651208,-5.4130554,0.36008757
-0.79851085,-1.0215585,-9.125998,2.125962
0.30216342,2.0672443,2.2353203,-0.7917839
0.80110997,0.47016948,1.0823828,2.1720889
0.114902884,1.5605528,2.178212,-0.46420157
-0.133376,-0.7269087,-10.9977045,-0.4560311
-1.1158252,0.011879467,-6.1995344,-1.8700144
1.3590461,2.2579455,2.642516,0.44967747
0.940284,1.0095392,1.8060006,0.4879367
1.2316533,2.3694515,1.3540039,-1.6879815
-0.06946407,-0.6922258,-10.54393,-0.67118645
-0.17908122,-0.17032082,-4.346076,1.5246971
-1.4013202,-0.6764038,-9.983589,-1.851315
-0.6869311,-0.90963876,-11.521412,-0.77388656
0.6841859,-0.118385956,-4.6668825,-0.08181817
1.6918397,1.2045593,3.0880764,1.2626324
-0.14620692,0.960568,0.6096933,-2.591917
2.274656,0.40776423,0.4402996,-0.5091748
-1.5738664,1.3329105,2.6916718,1.2534659
-0.81134665,0.04662092,-2.5825927,-0.4139099
-0.41086903,-1.3531088,-12.326892,-1.3364828
-1.2304913,1.073844,1.8124757,-0.46638292
-0.12996586,2.3877704,2.1860294,-0.14755917
2.453229,0.13660839,-3.3745277,0.045259677
0.7967066,1.3634062,2.5966783,-0.5727866
-0.024155112,0.8469347,3.1223502,0.3846155
-1.8767282,3.4064646,3.1646395,1.2872671
-0.009091063,0.46876666,3.1446342,1.3297877
-0.45736244,-0.44336525,-9.263347,-1.1672338
1.017533,2.2889712,2.357107,-0.23883662
1.5401931,-0.56583947,-10.209433,-1.9038558
1.5250843,0.73739046,2.343687,0.30051687
-0.22414277,-0.3361501,-6.818877,-0.43594536
-0.2671612,1.097678,2.2131333,1.2760215
0.3633262,-0.6975076,-11.620713,-0.047468707
-0.36931935,-1.088481,-12.248582,-0.924906
-0.6926734,1.1526549,2.3466856,-0.32594255
-1.2042515,0.11341904,-2.7405977,0.24719223
-0.58691335,-2.388004,-11.628345,-0.18703453
0.7333459,3.3303673,2.8393166,-0.21235283
-0.96873623,1.1744176,1.5840831,-0.9119294
1.5488294,-0.81927645,-11.078444,-0.43742356
0.77912164,4.1348653,0.6029454,-1.6358918
0.7184402,2.0699518,1.695967,-1.4180816
1.93376,1.5855839,1.8278644,0.01169891
-1.4075125,0.46088234,1.4157923,0.047994755
1.102628,2.7868419,1.9552355,0.79445744
-0.52979636,-0.033635736,-3.4476893,-1.2427915
-1.099343,1.549649,1.521045,-1.269824
-0.26385796,-0.3924451,-10.222168,-1.6769783
0.21859975,0.5514606,1.8869162,1.5027192
0.2243302,2.8113043,1.5917054,-0.3871269
-0.7532163,-1.2296602,-9.665253,2.2643442
-0.64302903,-1.2060056,-10.992937,0.033096734
0.8895067,1.8877791,2.0598047,-0.5727674
-1.2110996,-0.079258345,-4.9294496,0.5877856
2.2364633,-0.7787529,-12.46552,0.16928445
-0.6531524,-0.08574218,-4.1095595,0.67038727
-0.077574715,2.393002,2.5325427,-0.6972882
0.21283793,1.4406211,3.184123,1.0089563
1.6716791,1.3458428,0.4419465,-2.4198291
-1.741829,0.26165786,-1.2472352,0.0974529
-0.6140592,-0.19435479,-3.5690205,-0.4358071
0.31352127,2.384255,1.2610698,0.54257435
-0.20585482,-0.91511023,-10.065218,0.19378346
-0.7193372,-2.2718334,-10.587103,0.15200888
-0.34018335,-0.9001111,-11.286929,-0.9058979
-1.327164,1.456631,2.8476155,-1.1893636
0.42667454,-0.05611857,-4.939257,-0.87811744
-1.1941735,0.2884469,-0.18357421,-1.0214614
0.7040355,2.0152428,2.5684009,-1.893771
-0.17826329,-0.71677643,-9.420254,-0.5826227
-0.4924281,-0.58899707,-8.956737,1.0445665
0.20270579,0.47541156,-0.0066001285,-0.4777296
0.6904782,2.997057,2.4852931,-1.6041718
-0.39310554,0.3242723,0.7023921,1.6663797
2.0802054,-1.7170542,-10.9446,0.4228288
-0.4644672,-1.4241234,-12.668788,-0.093806565
0.212309,2.7374709,2.58557,-0.2311943
-0.41531518,-1.6709377,-12.284641,0.28332508
0.28461742,1.8301021,1.1504318,0.12831622
-0.28799757,-1.7800367,-9.452467,2.4277153
-0.8512283,1.3853459,0.94333977,-0.94011664
0.80758625,2.3365173,1.8991398,-1.1118331
-0.03280133,0.051501717,-2.3064682,0.8980467
0.342654,1.7788868,4.3955307,1.93605
-2.1943865,2.3405511,2.26753,0.099362254
0.71879315,2.232499,0.4770951,-2.6817155
-0.9403048,1.9062618,3.4042296,0.4379168
0.92202413,2.683231,3.5442398,1.3260707
0.27493817,0.44896096,-1.2503215,0.07270607
-0.34228805,1.05623,3.1606824,2.8525355
-0.006071415,-0.34679824,-7.2435603,1.4818063
-0.34891087,0.13567378,-1.3970809,-0.9249999
0.27150238,3.0035703,3.3015761,1.02408
-1.0304328,1.879682,1.5688108,0.061487146
1.6747333,0.46124446,-0.46923345,-1.3561784
-0.44283494,0.1892102,0.049889147,2.3019361
-0.115548104,1.1668787,1.6821498,-0.06939441
-0.14605625,0.33784208,0.9069682,0.08490601
0.7561358,1.0067123,4.062763,2.8784516
-0.12893245,1.9555869,1.3526222,-0.2994566
1.6215261,-0.31210756,-5.6406856,-0.78552735
0.9479766,2.2139266,2.652738,0.202855
-0.77802217,-1.4251355,-11.903888,-0.87287754
-1.0251901,-0.05679995,-3.8773694,1.2079405
-0.9209413,-0.58135945,-8.995175,0.18763101
0.77883726,3.7357535,1.6404684,-0.7478851
-0.18775845,-1.0778272,-11.601275,-0.45567465
-0.3919711,-0.5480528,-7.049136,1.8671333
0.4781687,1.5208777,3.2722366,0.29078576
-0.3409681,0.51308596,0.6286794,0.20871517
-0.85404587,-0.67160493,-10.823217,-1.0685421
1.6225638,-1.6308856,-11.540827,-0.7623916
0.21687713,-0.3027533,-7.0203815,-1.2073841
-0.5374455,-0.96444094,-10.139174,1.3149593
0.28334534,1.7477262,1.132361,-1.5190743
-0.16198915,-0.3617695,-7.4740534,1.1686057
-1.0868708,-1.8676131,-12.623172,-1.7303487
0.8951463,2.6544402,3.578978,2.1374424
0.66990286,3.3598268,1.2180525,-0.60866785
-0.222363,0.5666425,1.7239344,-1.4074582
0.77398115,3.7806745,1.8211607,-1.2721267
-0.19095135,-1.6020248,-12.322237,0.37355605
0.74848187,0.1599904,-1.4993799,-0.8762762
-0.47737205,-2.6065655,-10.924721,0.122790225
-0.38991192,-0.16768439,-5.0637913,-0.0012739097
-0.09302395,0.6373791,2.6593962,1.0424072
2.9449842,0.8733352,1.8215176,-0.2872047
0.13466202,1.1109118,3.1024337,0.80292696
0.07375385,1.5944744,1.4425589,-0.66996
-1.613784,2.4658542,0.76461214,-3.4879715
-1.0846987,0.37762138,-1.5143976,-0.018542854
0.8919633,3.0788195,1.6969225,-0.36921215
0.14879526,1.7454726,2.755965,0.84061885
-0.72658354,0.6727736,0.5450212,-1.9543933
0.22725706,0.45521232,-1.224186,-2.0161958
-2.584321,0.85644424,2.0211246,1.0889788
0.67857116,2.825717,2.810747,1.5219278
-0.9521868,-1.0557252,-11.317906,-0.20328493
0.84343517,0.871952,1.2454518,-1.7642136
0.40980273,2.7059608,2.2478416,-0.019275695
-1.3605376,2.289525,2.3476188,0.057049517
-0.19306234,0.42194545,-0.69305253,-0.8886324
-0.5955975,-0.23947592,-6.832649,-0.8109184
1.1024921,2.0037105,3.0174038,-0.24830115
-0.37585175,-0.32947546,-6.629194,-0.37529325
0.16995087,0.23788407,-1.5145911,-1.1182132
2.0300634,0.5264642,-1.7698888,-1.7344747
-1.3860317,1.3052905,1.0131826,-1.3481898
-0.3647926,-1.81838,-11.7297945,-0.023176916
-0.6120365,0.74560326,2.7776973,1.8991464
1.3701926,0.54967016,1.8439187,0.08364665
0.68830585,2.7018259,-0.31710577,-1.6683927
-0.7265207,-0.9894436,-11.613079,-0.3433538
0.92152065,1.7012683,1.0037229,0.36643162
1.930136,1.7438439,3.2998865,1.335049
-0.24513675,-1.0506433,-11.176768,-0.47231957
2.240693,0.83490294,2.0049837,-0.9939384
0.9404315,1.8144935,3.5961936,0.44869924
-1.1910471,2.1050062,3.1101134,0.843175
-0.3424044,-1.0132071,-10.354345,-0.6437251
1.2989705,0.92158395,1.4348942,-0.12805676
0.82765955,1.1255823,1.1903157,-1.1727524
1.6915059,1.9180435,2.1582162,-0.18366167
-0.06527658,-0.46558422,-7.2342277,2.0971255
-0.67668927,-0.28688002,-5.947552,0.7516392
1.5139248,-0.12833923,-2.7496223,-0.54587394
0.21453916,1.4673493,4.496686,0.830037
0.0064446605,2.140919,3.7041771,1.8643355
0.44562727,1.1924267,3.868565,-0.25000986
0.23849757,2.5504453,1.5584352,0.04601355
0.76485014,1.1501564,2.7395668,-0.5907207
-0.6981588,0.27167666,0.6349499,1.9890331
0.43836698,2.6400473,2.5236058,1.1468807
-0.96345097,-0.08788456,-4.2623343,-0.80074936
1.4710108,1.6690302,3.3323512,1.1066526
-0.5374246,-0.5063516,-8.4202585,1.2221484
-0.005014874,1.4845545,1.9529455,-0.84815454
0.57890195,-0.24076186,-7.6415358,-1.9010335
1.721194,0.5905376,1.4261929,0.3060453
1.1704605,-0.59416467,-10.605306,-0.62392914
-0.10333301,-0.10531838,-3.8138487,1.5693675
-1.584759,1.4010485,-1.0023935,-2.1083348
-0.6379039,1.366817,2.5183156,0.009604429
0.08192365,0.53564686,0.98367083,0.63055426
-0.72061527,-0.7119526,-9.373496,1.36172
1.4347843,0.7506098,0.8116773,-0.44193906
0.06545271,1.7945514,1.5951165,-1.6277764
0.23857127,1.1557369,1.8401759,-1.2625147
0.5387161,2.3287714,2.2522922,-0.023069192
1.0852134,0.74758923,0.6851767,-1.0404223
0.14509378,1.2341782,2.2017145,0.652548
0.29634076,4.727365,3.4580512,0.097812176
-1.1863736,0.5293488,0.5961202,0.547484
1.4533432,1.5959266,1.3863677,0.28551394
-0.96629006,0.38131094,-0.050636176,-0.05004491
0.8496371,1.1755177,1.877351,-0.13455354
0.8743217,1.2000991,2.6613715,0.8265148
-0.020724088,0.9364679,2.4947681,1.542158
0.6673156,1.858221,1.8722683,-0.4148082
0.2687021,2.2472105,2.3754175,0.65618753
1.2978064,1.0362448,0.8445868,0.32976684
-0.73868304,0.042526122,-3.01248,-0.24876481
0.9412935,1.1872196,2.5777462,-0.40007314
-0.6550219,-0.24887212,-6.877444,0.15828611
0.9380484,2.274612,3.3296492,1.3379686
-1.0672822,-0.58849525,-7.928932,1.0802644
1.2956811,1.8004959,2.3620973,-0.25789118
1.3769871,1.559658,2.3317478,0.9888632
0.25711074,0.96398556,2.7396345,0.6759687
-0.14009814,-0.10792201,-3.4697511,-0.03620114
0.43082368,2.1413517,3.6240134,0.69341975
0.46280062,3.3501523,2.09613,0.83878046
0.09331082,0.07058395,-2.500901,0.363579
-0.20006315,-0.59409326,-9.871154,-0.36685508
0.41948768,3.432879,1.5250807,-0.6225418
0.8455461,1.743348,1.778349,0.21870513
0.6225966,1.4198658,1.010184,0.19617073
-0.15924671,0.9639563,3.7437003,0.808679
-0.9232009,-1.5271386,-13.205941,-0.50536937
-0.9293571,1.3798878,3.2268064,-0.11558961
0.14749257,0.663393,2.0235267,0.275077
1.8981078,1.6789299,1.1034724,-1.7357064
0.04244077,0.9176252,1.8534294,0.07995796
0.2323743,2.6074884,1.4838024,0.3518548
-1.5517368,1.4386089,1.0203642,-2.5335436
1.5477662,0.7271026,2.591142,0.6227641
0.58857554,2.826221,2.7174332,-0.32725677
-0.8426262,-0.59966666,-9.438003,-0.57059896
-0.36305463,-1.7292151,-13.115603,-1.2660701
1.2997992,1.0455099,1.540378,-0.7872174
-1.1729716,1.1930443,1.133633,-0.6857213
0.58433753,1.1722172,1.5432829,-0.3920355
1.07263,1.0229189,2.4717934,1.5561653
-1.0045837,-0.9554621,-10.76808,-0.65340614
0.41785425,-0.055922776,-3.0882108,0.031633563
1.5038265,0.6939942,1.8082721,0.23699142
-0.093554586,-0.8245077,-9.379964,1.8293636
0.58748215,0.97493744,-0.29031384,-1.6693044
-0.319154,-0.24086648,-6.0187917,1.3220674
0.5986577,2.141425,1.8581069,0.17517477
1.2281803,-0.060340118,-3.6129537,-0.23962498
-0.69329077,-1.3199278,-10.653163,1.2171019
-0.036413003,-0.02778237,-2.7243023,0.25567138
-1.308251,-0.5701669,-8.670661,-0.815944
-0.0759274,1.4979488,3.22569,0.26530832
-0.12717983,0.56780547,-0.46042705,-1.3497958
1.8298932,1.8959417,2.1570404,-0.941547
0.42971435,0.94293344,2.1120508,0.5481737
-0.99936074,0.41387776,-0.029482652,0.49198022
1.6025952,1.0417893,2.9182065,0.7927397
-2.592894,2.8161218,1.6344061,-0.23749194
0.33715498,2.2710652,3.0782561,-0.051723782
-1.5922925,2.7278848,2.0821836,-0.12943657
-1.404708,0.2902176,-0.15492454,0.23224926
-1.5588893,0.50023055,0.186945,0.07803657
0.15009697,1.9836533,2.117927,-0.46871683
-0.55378884,0.2522956,-0.4337543,1.1084764
-0.98539615,-0.1290804,-5.2972956,0.39888075
-1.0212541,0.33364934,-0.74010664,-0.7105642
-2.6583872,1.0954676,1.8139251,0.9658941
0.1388881,1.1716752,2.0016875,0.24003075
0.5679973,3.2591717,1.2396281,-0.3651814
1.5106276,0.96073544,0.9231556,-2.062331
-0.9960441,0.24666896,0.781424,0.49465543
1.2203755,2.0055282,2.3360188,-0.07890098
-1.1121651,0.604158,1.1145086,0.15977605
0.20459576,1.7467265,3.6509564,1.2189182
-0.27206546,-0.8401181,-9.282213,0.17337759
1.4953358,0.7436281,0.21974152,-0.8950377
-0.7341091,-0.3552141,-5.7202773,0.99292856
0.6113579,2.196832,1.412026,-2.3432653
-0.22667216,-0.4302209,-7.078789,0.31360108
-0.17867021,-1.9009157,-11.5819845,0.53438354
-0.22348495,-0.9712193,-10.719356,0.20980366
-1.1613034,0.8640919,2.4160962,-0.41939104
-0.5428507,-1.2343361,-11.615437,-2.0372314
1.8076928,1.1807783,3.0531294,0.5728281
0.6254171,1.7864919,1.851075,0.36443758
-1.0898656,0.32921463,0.3307564,0.40374774
0.42491183,1.8402354,3.0763233,1.9752132
-0.14193696,-1.064555,-10.668152,0.9258781
0.011580168,0.2943511,-0.007994338,-0.32484952
-0.22323012,0.008195242,-3.5428796,-0.26589477
0.08055409,0.8375946,1.8861855,-1.0049595
1.51277,1.512392,2.548812,-0.15612511
0.99455196,1.7336617,2.0473664,0.020467795
1.1038419,2.3096986,3.1395106,0.33893645
-0.8754808,1.2757374,3.3602893,-0.08423267
-1.1369878,-1.5457472,-9.525922,0.2631551
-0.18091036,2.579864,3.9513867,1.0382649
0.57171977,1.5003604,1.9796818,-0.58124834
0.19671993,1.8456768,3.1966865,-0.61111987
2.231484,-0.29887086,-8.108695,-0.8277488
-0.4982883,0.37091634,-0.5445512,-0.036030266
0.18671912,4.4545426,0.39447904,-1.2805204
0.029323433,0.7107701,1.619361,0.24817437
-0.22949441,-1.2431014,-11.497444,0.015875269
-0.2830505,-1.5636994,-11.215673,0.49005067
-0.697544,-0.17042491,-5.6589384,-0.5497121
-0.6748378,-1.0213085,-10.331813,-0.4116607
-1.4501774,0.6859681,0.85922015,0.15899341
1.2970961,0.738384,2.371391,0.5742287
0.33391878,2.160183,1.8887103,0.48680338
1.9484414,0.0073752324,-1.9160719,-0.46378106
0.14882076,4.6001177,1.7187349,-0.42629167
0.42237872,0.7835395,0.96061915,-1.0015051
0.8161546,-0.70955324,-8.725806,0.4786207
-1.3786201,0.5025028,1.6045529,0.39729133
-1.1700606,0.7462355,0.60275406,-1.3866196
0.19367133,1.3424798,2.3246844,1.5595876
0.45554802,2.8184907,2.7648134,1.5825188
-0.34031537,-1.1743708,-12.892724,-0.9173901
-1.6864377,2.83389,2.8359578,0.28567204
-0.48756072,0.46957484,-0.44919676,-1.4266603
0.9811358,4.2983365,0.42962673,-0.91718674
-1.9827577,2.1268163,3.5486863,1.6127802
1.6143678,-0.9761538,-10.468178,0.21862155
-0.49133357,-0.37750217,-7.74862,0.51992184
0.8110507,1.8872623,2.2929451,-0.8533727
0.8444986,1.5172508,2.3007603,-1.1150603
0.31711122,1.8338996,1.3073982,-0.1938188
-0.99523944,3.2753332,0.4521605,-1.6939967
-0.3340893,-0.62856555,-11.225636,-1.6341078
0.44346002,1.3153937,3.505005,1.7864662
0.60690886,0.9564739,1.6925217,-0.5963156
0.9159151,1.8377106,3.037177,-0.05396536
-1.1092763,1.4294477,2.6198008,-0.39710712
-0.6554597,0.65984654,2.0036592,-0.07681482
1.0483228,3.024795,1.9503613,0.14356863
0.4986133,1.8166062,1.990278,-0.3786422
-1.2656041,0.9382831,0.1182555,0.8387986
-0.7243953,-0.2662245,-6.3589725,0.083864644
-1.0074972,-0.58648306,-10.170662,-0.7175875
0.20831591,-0.39613512,-8.498746,0.26846704
0.42734385,0.6751003,-0.2526837,-1.7660241
-0.36696288,-0.24588694,-5.6944265,1.8236753
-0.27085036,2.4693031,2.8677528,1.2200829
0.9766031,1.6205639,1.2594193,-1.3739203
-0.42635033,-0.7512895,-9.223249,0.94132686
-2.981372,1.2044746,1.1682754,-0.9945275
-0.40331182,-1.3072083,-12.116162,0.21102619
0.16456984,0.868502,1.0749735,-0.0024613598
0.274482,2.5314097,4.642527,3.14385
-1.3808708,0.11468812,-1.420953,0.68280417
0.61232823,1.909516,2.9248717,0.9134692
-0.4442411,-1.7450484,-11.043773,1.9268812
-0.46339148,-0.74649394,-11.603764,0.2661124
-0.38881084,-1.4971704,-11.11186,-1.6659865
-0.4199117,1.5340922,1.5478408,-0.13097867
-0.05315069,0.32648662,0.4598649,-0.1068746
1.1744162,0.93973595,2.8023062,-0.4117488
-0.051160283,0.4019526,1.6205809,1.1546614
0.1774502,1.216329,2.90739,1.5273234
-1.1867894,-0.92333156,-11.887421,0.3184924
-0.1770948,-0.6263027,-9.513122,-0.24625297
1.3314625,2.7995882,2.2318108,-0.1570041
-0.613557,0.50593144,-1.2236233,-2.204306
0.14515604,1.5379456,1.2701052,-0.637191
0.63240767,2.4251745,0.15668866,-1.6303248
1.1094085,2.0389357,2.6419992,0.14269257
-0.92052364,0.63853455,2.7443597,1.1563495
-0.38107628,-2.1568336,-12.011381,-0.42331058
0.6162633,4.4777284,3.0497706,1.5925397
0.33100328,0.55354035,-0.39290568,-0.89344555
-1.6030761,1.2111406,2.7418802,0.77018744
-0.02562521,-0.9070656,-10.790897,2.0007792
-0.58878046,-0.4867007,-9.126528,0.24044167
-1.1288834,0.64749986,0.7588858,-0.73615295
-0.120388925,-0.240955,-7.3787622,-1.5609977
-1.4348453,-0.5481788,-8.554357,1.0321952
-1.7624422,-0.14800996,-4.794438,0.49410743
1.4857335,-0.32966933,-8.574281,-1.675561
-0.28518423,0.24064067,-0.14198501,0.52412087
-1.363247,0.046882577,-3.2679076,0.3184845
1.5588051,0.40701258,0.067928396,-0.5285394
-1.3459592,-0.82396305,-10.605652,-1.1692528
-0.8578464,0.1138513,-3.6295772,-0.5567326
0.3219024,1.977319,3.353389,1.8878614
-2.0635307,1.9189974,1.7304676,-1.9776508
-0.67551494,-1.5738516,-13.425254,-3.3304079
-1.2834458,1.1442361,2.1564746,-0.040064096
-0.9618674,0.69400376,0.986732,-0.091483615
-1.8603492,0.9993563,1.564831,-0.9780413
-1.1044774,0.19718277,-1.6689535,-1.0321466
0.09277353,-0.7325673,-11.486189,-0.029984111
0.5113025,2.9870086,0.51483256,-2.2457187
1.6264905,2.4528074,2.078618,-0.1845769
-0.5560974,-0.7946671,-10.589462,0.21209255
0.5323333,2.5532918,2.1615477,0.5610163
1.2183774,1.3013072,1.0479724,-1.0135448
-1.2944795,-0.12790981,-5.3743258,0.40271562
-1.1188211,1.1546531,0.27110186,0.31755075
-0.5078491,0.15999484,-1.840302,-2.0884736
-2.1329396,0.35755745,1.3963978,1.3598228
0.9085377,0.05695272,-2.1429148,0.61961734
0.21938673,1.4173348,1.8263499,0.023289653
0.2348901,1.8741726,3.2030067,1.0625856
-0.41191235,-0.23126946,-6.303012,0.22466774
0.17837657,0.5389803,0.75782347,-0.0948676
-0.25986037,1.0291787,2.5217323,-0.9198271
-0.32531506,-0.2761585,-7.537153,-0.22406079
0.10076178,2.5505176,2.3557522,-1.022106
-0.75885653,-0.14362659,-3.6333025,2.0801847
-0.05211112,0.5811083,2.2089915,0.075442836
0.17228177,2.4147604,2.0356796,0.1708469
0.6853412,3.0521693,2.2175593,0.22874473
-0.26048914,-0.4867469,-8.655511,0.9086205
-0.0393219,2.0087898,2.7663634,-1.1050463
0.7394201,2.9253464,3.2379246,0.3827735
0.56076497,2.8941762,2.680567,0.3895483
-0.5468201,-0.33996972,-8.37372,-1.5658708
0.040559467,1.3465737,2.1063092,0.5398076
0.27868325,4.060018,1.5277642,1.2165302
0.9407029,3.5649698,1.1559947,1.0226775
0.064465396,1.2901739,1.2362639,-1.1776869
0.073793545,2.7109547,2.9403553,0.8112058
0.89393175,0.2839845,-0.6296874,0.93550193
0.21477517,2.1484416,3.6534119,1.010685
0.35805395,4.0008173,1.5739113,-0.505464
-0.27029893,0.71202385,2.6365738,1.7653755
-0.17738506,0.7372897,1.0123614,0.22166623
0.63232344,1.3024405,2.9481013,1.0385826
0.39463007,2.8414676,2.450487,0.23888652
-1.4146577,1.0030879,-1.312441,-2.2826533
-0.6941428,-0.2249877,-5.937309,0.10353979
2.3312771,1.4991516,4.5561543,0.7871671
-1.1907383,0.34419185,1.4684573,1.9313071
1.5213152,0.7491809,1.4426873,0.06710122
0.1159322,-0.23997745,-7.0357447,-0.51726556
-1.1561029,0.8557881,0.33346587,-0.13594975
-0.5939493,-1.6282631,-11.152252,1.0633885
-0.028647088,1.4302807,1.8084561,0.46517655
0.25568235,2.4348428,2.2346942,0.1994059
-1.500853,-2.1375668,-11.789616,0.5130338
0.59372395,2.1881902,2.8138995,-0.8363984
2.128575,-0.99476725,-12.24289,-1.5061454
-0.82445174,0.22895011,0.83628464,2.3301387
-0.73256797,0.16588454,-0.8695845,0.28115964
-0.10971356,-0.96507573,-10.438523,1.6470993
-0.23822984,-1.4878074,-9.745863,0.8768114
0.39254102,3.20396,1.545335,-0.78335196
0.098229766,0.5227544,0.28651947,-1.7017334
0.4646766,3.2446032,1.304307,-0.7698351
0.021967622,0.54062575,0.38146156,0.14814545
0.01341679,-0.22804008,-6.599984,0.03393239
-0.53264135,-0.11340043,-5.1287637,1.0244242
-0.56634843,-1.179466,-12.8180895,-1.0348115
-0.104552545,-2.0997365,-11.237388,0.2986316
-0.5374541,-0.8495679,-11.216973,-0.37320402
0.39007476,1.8135775,2.3862922,0.12471163
0.91534,2.586757,2.5922725,0.53142095
0.00045564346,0.4439088,-0.79840916,-0.16935477
1.0696346,2.4015388,2.1013496,0.21430731
-0.3126899,-0.0030813345,-4.0551414,-0.42930007
0.30253705,0.13064796,-1.8263336,0.19962376
-1.0073664,-0.6673043,-8.838671,-0.46497795
0.86189497,0.8870314,2.4742286,-0.36370605
-1.6233001,1.1354269,0.60473835,-0.88654727
-0.6038802,0.62199455,2.155951,-1.03875
-0.113886096,0.27049807,-0.23362388,-0.2827711
-1.490291,0.9047127,2.941667,1.1689789
-0.784726,-1.2344242,-10.858389,0.43600985
-0.88115275,-1.0039357,-9.93097,1.6901647
1.8376708,1.7933412,1.2460835,-1.154371
-1.5261914,-0.98583764,-11.029836,0.28592205
1.7238783,-0.7011524,-11.694854,-1.4910038
0.14361984,0.95627725,2.6324344,0.8281859
-0.90361565,0.776719,2.4303913,0.27728522
-0.19786197,-1.3621452,-10.924759,0.16612941
-0.5639173,-0.40910092,-6.5998616,-0.22655357
-0.49615344,0.04999105,-3.2629454,-0.29256636
-0.1897082,-1.1533709,-12.625829,-0.55138975
-0.36096835,-1.0362644,-12.386563,-0.6787261
0.92146724,3.0046394,2.2608237,0.3225153
1.0248547,2.455077,1.943905,-1.5521835
-0.26460344,-0.7565293,-9.622159,-0.44019535
0.8834036,2.2256603,3.160946,0.6483319
0.8362636,1.0993412,2.5258389,-0.26785138
-0.36452347,1.5581203,0.36439508,-0.4923216
-2.5531182,0.7619878,3.4055336,1.9820178
-1.1955868,-1.2218024,-11.438114,0.64545774
-0.0016695884,0.6255709,1.1558148,-0.50818086
-0.2626447,0.5518446,-0.4804951,-2.0177624
-0.20273457,-0.3779245,-7.0245657,0.7768603
